session_id,received_at,batch_id,batch_start_ms,bytes,records,interval_ms,duplicates
20260903T215850-0300_76792b59,2026-09-03T21:58:59.465-03:00,1,1843,1209,60,500,0
20260903T215850-0300_76792b59,2026-09-03T21:59:29.198-03:00,2,31577,1209,60,500,0
20260903T215850-0300_76792b59,2026-09-03T21:59:58.942-03:00,3,61311,1209,60,500,0
20260903T215850-0300_76792b59,2026-09-03T22:00:28.675-03:00,4,91057,1209,60,500,0
20260903T215850-0300_76792b59,2026-09-03T22:00:58.408-03:00,5,120787,1209,60,500,0
20260903T215850-0300_76792b59,2026-09-03T22:01:28.139-03:00,6,150521,1209,60,500,0
20260903T215850-0300_76792b59,2026-09-03T22:01:57.868-03:00,7,180252,1209,60,500,0
20260903T215850-0300_76792b59,2026-09-03T22:02:27.602-03:00,8,209985,1209,60,500,0
20260903T215850-0300_76792b59,2026-09-03T22:02:57.334-03:00,9,239713,1209,60,500,0
20260903T215850-0300_76792b59,2026-09-03T22:03:27.070-03:00,10,269451,1209,60,500,0
20260903T215850-0300_76792b59,2026-09-03T22:03:56.803-03:00,11,299186,1209,60,500,0
20260903T215850-0300_76792b59,2026-09-03T22:04:26.542-03:00,12,328919,1209,60,500,0
20260903T215850-0300_76792b59,2026-09-03T22:04:56.276-03:00,13,358660,1209,60,500,0
20260903T215850-0300_76792b59,2026-09-03T22:05:26.003-03:00,14,388395,1209,60,500,0
20260903T215850-0300_76792b59,2026-09-03T22:05:55.775-03:00,15,418123,1209,60,500,0
20260903T215850-0300_76792b59,2026-09-03T22:06:25.544-03:00,16,447897,1209,60,500,0
20260903T215850-0300_76792b59,2026-09-03T22:06:55.286-03:00,17,477638,1209,60,500,0
20260903T215850-0300_76792b59,2026-09-03T22:07:25.031-03:00,18,507366,1209,60,500,0
20260903T215850-0300_76792b59,2026-09-03T22:07:54.768-03:00,19,537116,1209,60,500,0
20260903T215850-0300_76792b59,2026-09-03T22:08:24.506-03:00,20,566848,1209,60,500,0
20260903T215850-0300_76792b59,2026-09-03T22:08:54.234-03:00,21,596585,1209,60,500,0
20260903T215850-0300_76792b59,2026-09-03T22:09:23.970-03:00,22,626317,1209,60,500,0
20260903T215850-0300_76792b59,2026-09-03T22:09:53.701-03:00,23,656050,1209,60,500,0
20260903T215850-0300_76792b59,2026-09-03T22:10:23.434-03:00,24,685780,1209,60,500,0
20260903T215850-0300_76792b59,2026-09-03T22:10:53.172-03:00,25,715515,1209,60,500,0
20260903T215850-0300_76792b59,2026-09-03T22:11:22.903-03:00,26,745256,1209,60,500,0
20260903T215850-0300_76792b59,2026-09-03T22:11:52.634-03:00,27,774985,1209,60,500,0
20260903T215850-0300_76792b59,2026-09-03T22:12:22.375-03:00,28,804716,1209,60,500,0
20260903T215850-0300_76792b59,2026-09-03T22:12:52.109-03:00,29,834457,1209,60,500,0
20260903T215850-0300_76792b59,2026-09-03T22:13:21.841-03:00,30,864191,1209,60,500,0
20260903T215850-0300_76792b59,2026-09-03T22:13:51.579-03:00,31,893930,1209,60,500,0
20260903T215850-0300_76792b59,2026-09-03T22:14:21.313-03:00,32,923667,1209,60,500,0
20260903T215850-0300_76792b59,2026-09-03T22:14:51.050-03:00,33,953397,1209,60,500,0
20260903T215850-0300_76792b59,2026-09-03T22:15:20.810-03:00,34,983142,1209,60,500,0
20260903T221553-0300_97908aa0,2026-09-03T22:16:20.283-03:00,36,1042636,1209,60,500,0
20260903T221553-0300_97908aa0,2026-09-03T22:16:50.018-03:00,37,1072368,1209,60,500,0
20260903T221553-0300_97908aa0,2026-09-03T22:17:19.742-03:00,38,1102105,1209,60,500,0
20260903T221553-0300_97908aa0,2026-09-03T22:17:49.482-03:00,39,1131832,1209,60,500,0
20260903T221553-0300_97908aa0,2026-09-03T22:18:19.227-03:00,40,1161575,1209,60,500,0
20260903T221553-0300_97908aa0,2026-09-03T22:18:48.983-03:00,41,1191317,1209,60,500,0
20260903T221553-0300_97908aa0,2026-09-03T22:19:18.717-03:00,42,1221074,1209,60,500,0
20260903T221553-0300_97908aa0,2026-09-03T22:19:48.454-03:00,43,1250806,1209,60,500,0
20260903T221553-0300_97908aa0,2026-09-03T22:20:18.203-03:00,44,1280546,1209,60,500,0
20260903T221553-0300_97908aa0,2026-09-03T22:20:48.006-03:00,45,1310296,1209,60,500,0
20260903T221553-0300_97908aa0,2026-09-03T22:21:17.765-03:00,46,1340101,1209,60,500,0
20260903T221553-0300_97908aa0,2026-09-03T22:21:47.539-03:00,47,1369856,1209,60,500,0
20260903T221553-0300_97908aa0,2026-09-03T22:22:17.283-03:00,48,1399632,1209,60,500,0
20260903T221553-0300_97908aa0,2026-09-03T22:22:47.024-03:00,49,1429374,1209,60,500,0
20260903T221553-0300_97908aa0,2026-09-03T22:23:16.778-03:00,50,1459118,1209,60,500,0
20260903T221553-0300_97908aa0,2026-09-03T22:23:46.548-03:00,51,1488870,1209,60,500,0
20260903T221553-0300_97908aa0,2026-09-03T22:24:16.301-03:00,52,1518644,1209,60,500,0
20260903T221553-0300_97908aa0,2026-09-03T22:24:46.080-03:00,53,1548399,1209,60,500,0
20260903T221553-0300_97908aa0,2026-09-03T22:25:15.841-03:00,54,1578175,1209,60,500,0
20260903T221553-0300_97908aa0,2026-09-03T22:25:45.619-03:00,55,1607939,1209,60,500,0
20260903T221553-0300_97908aa0,2026-09-03T22:26:15.384-03:00,56,1637716,1209,60,500,0
20260903T221553-0300_97908aa0,2026-09-03T22:26:45.150-03:00,57,1667479,1209,60,500,0
20260903T221553-0300_97908aa0,2026-09-03T22:27:14.915-03:00,58,1697245,1209,60,500,0
20260903T221553-0300_97908aa0,2026-09-03T22:27:44.684-03:00,59,1727003,1209,60,500,0
20260903T221553-0300_97908aa0,2026-09-03T22:28:14.459-03:00,60,1756773,1209,60,500,0
20260903T221553-0300_97908aa0,2026-09-03T22:28:44.244-03:00,61,1786552,1209,60,500,0
20260903T221553-0300_97908aa0,2026-09-03T22:29:14.007-03:00,62,1816329,1209,60,500,0
20260903T221553-0300_97908aa0,2026-09-03T22:29:43.785-03:00,63,1846098,1209,60,500,0
20260903T221553-0300_97908aa0,2026-09-03T22:30:13.545-03:00,64,1875875,1209,60,500,0
20260903T221553-0300_97908aa0,2026-09-03T22:30:43.288-03:00,65,1905647,1209,60,500,0
20260903T221553-0300_97908aa0,2026-09-03T22:31:13.033-03:00,66,1935378,1209,60,500,0
20260903T221553-0300_97908aa0,2026-09-03T22:31:42.811-03:00,67,1965131,1209,60,500,0
20260903T221553-0300_97908aa0,2026-09-03T22:32:12.592-03:00,68,1994903,1209,60,500,0
20260903T221553-0300_97908aa0,2026-09-03T22:32:42.342-03:00,69,2024683,1209,60,500,0
20260903T221553-0300_97908aa0,2026-09-03T22:33:12.173-03:00,70,2054432,1209,60,500,0
20260903T221553-0300_97908aa0,2026-09-03T22:33:42.212-03:00,71,2084266,1209,60,500,0
20260903T221553-0300_97908aa0,2026-09-03T22:34:13.938-03:00,72,2115537,1209,60,500,0
20260903T221553-0300_97908aa0,2026-09-03T22:34:43.724-03:00,73,2146062,1209,60,500,0
20260903T221553-0300_97908aa0,2026-09-03T22:35:13.507-03:00,74,2175816,1209,60,500,0
20260903T221553-0300_97908aa0,2026-09-03T22:35:43.308-03:00,75,2205607,1209,60,500,0
20260903T221553-0300_97908aa0,2026-09-03T22:36:13.070-03:00,76,2235399,1209,60,500,0
20260903T221553-0300_97908aa0,2026-09-03T22:36:43.707-03:00,77,2265169,1209,60,500,1
20260903T221553-0300_97908aa0,2026-09-03T22:37:13.463-03:00,78,2295799,1209,60,500,0
20260903T221553-0300_97908aa0,2026-09-03T22:37:43.204-03:00,79,2325562,1209,60,500,0
20260903T221553-0300_97908aa0,2026-09-03T22:38:13.061-03:00,80,2355297,1209,60,500,0
20260903T221553-0300_97908aa0,2026-09-03T22:38:43.042-03:00,81,2385153,1209,60,500,0
20260903T221553-0300_97908aa0,2026-09-03T22:39:13.274-03:00,82,2415157,1209,60,500,0
20260903T221553-0300_97908aa0,2026-09-03T22:39:43.059-03:00,83,2445396,1209,60,500,0
20260903T221553-0300_97908aa0,2026-09-03T22:40:12.833-03:00,84,2475159,1209,60,500,0
20260903T221553-0300_97908aa0,2026-09-03T22:40:42.625-03:00,85,2504927,1209,60,500,0
20260903T221553-0300_97908aa0,2026-09-03T22:41:12.416-03:00,86,2534722,1209,60,500,0
20260903T221553-0300_97908aa0,2026-09-03T22:41:42.224-03:00,87,2564511,1209,60,500,0
20260903T221553-0300_97908aa0,2026-09-03T22:42:12.021-03:00,88,2594319,1209,60,500,0
20260903T221553-0300_97908aa0,2026-09-03T22:42:41.857-03:00,89,2624116,1209,60,500,0
20260903T221553-0300_97908aa0,2026-09-03T22:43:11.650-03:00,90,2653952,1209,60,500,0
20260903T221553-0300_97908aa0,2026-09-03T22:43:41.403-03:00,91,2683745,1209,60,500,0
20260903T221553-0300_97908aa0,2026-09-03T22:44:11.151-03:00,92,2713499,1209,60,500,0
20260903T221553-0300_97908aa0,2026-09-03T22:44:40.927-03:00,93,2743247,1209,60,500,0
20260903T221553-0300_97908aa0,2026-09-03T22:45:12.778-03:00,94,2773023,1209,60,500,0
20260903T221553-0300_97908aa0,2026-09-03T22:45:42.744-03:00,95,2804883,1209,60,500,0
20260903T221553-0300_97908aa0,2026-09-03T22:47:57.370-03:00,99,2939497,1209,60,500,0
20260903T221553-0300_97908aa0,2026-09-03T22:48:27.951-03:00,100,2969468,1209,60,500,0
20260903T221553-0300_97908aa0,2026-09-03T22:49:33.969-03:00,102,3036256,1209,60,500,0
20260903T221553-0300_97908aa0,2026-09-03T22:51:10.435-03:00,105,3132607,1209,60,500,0
20260903T221553-0300_97908aa0,2026-09-03T22:51:40.229-03:00,106,3162538,1209,60,500,0
20260903T221553-0300_97908aa0,2026-09-03T22:52:09.997-03:00,107,3192290,1209,60,500,0
20260903T221553-0300_97908aa0,2026-09-03T22:52:39.785-03:00,108,3222054,1209,60,500,0
20260903T221553-0300_97908aa0,2026-09-03T22:53:09.595-03:00,109,3251845,1209,60,500,0
20260903T221553-0300_97908aa0,2026-09-03T22:53:39.463-03:00,110,3281658,1209,60,500,0
20260903T221553-0300_97908aa0,2026-09-03T22:54:09.510-03:00,111,3311523,1209,60,500,0
20260903T221553-0300_97908aa0,2026-09-03T22:54:39.319-03:00,112,3341598,1209,60,500,0
20260903T221553-0300_97908aa0,2026-09-03T22:55:09.210-03:00,113,3371379,1209,60,500,0
20260903T221553-0300_97908aa0,2026-09-03T22:55:39.306-03:00,114,3401282,1209,60,500,0
20260903T221553-0300_97908aa0,2026-09-03T22:56:09.194-03:00,115,3431365,1209,60,500,0
20260903T221553-0300_97908aa0,2026-09-03T22:56:39.113-03:00,116,3461259,1209,60,500,0
20260903T221553-0300_97908aa0,2026-09-03T22:57:08.937-03:00,117,3491230,1209,60,500,0
20260903T221553-0300_97908aa0,2026-09-03T22:57:38.734-03:00,118,3520997,1209,60,500,0
20260903T221553-0300_97908aa0,2026-09-03T22:58:08.556-03:00,119,3550794,1209,60,500,0
20260903T221553-0300_97908aa0,2026-09-03T22:58:38.347-03:00,120,3580629,1209,60,500,0
20260903T221553-0300_97908aa0,2026-09-03T22:59:08.177-03:00,121,3610415,1209,60,500,0
20260903T221553-0300_97908aa0,2026-09-03T22:59:37.938-03:00,122,3640243,1209,60,500,0
20260903T221553-0300_97908aa0,2026-09-03T23:00:07.790-03:00,123,3669998,1209,60,500,0
20260903T221553-0300_97908aa0,2026-09-03T23:00:37.796-03:00,124,3699853,1209,60,500,0
20260903T221553-0300_97908aa0,2026-09-03T23:01:07.609-03:00,125,3729857,1209,60,500,0
20260903T221553-0300_97908aa0,2026-09-03T23:01:37.504-03:00,126,3759675,1209,60,500,0
20260903T221553-0300_97908aa0,2026-09-03T23:02:07.312-03:00,127,3789568,1209,60,500,0
20260903T221553-0300_97908aa0,2026-09-03T23:02:37.100-03:00,128,3819373,1209,60,500,0
20260903T221553-0300_97908aa0,2026-09-03T23:03:06.859-03:00,129,3849163,1209,60,500,0
20260903T221553-0300_97908aa0,2026-09-03T23:03:36.653-03:00,130,3878924,1209,60,500,0
20260903T221553-0300_97908aa0,2026-09-03T23:04:06.405-03:00,131,3908716,1209,60,500,0
20260903T221553-0300_97908aa0,2026-09-03T23:04:36.195-03:00,132,3938470,1209,60,500,0
20260903T221553-0300_97908aa0,2026-09-03T23:05:05.947-03:00,133,3968257,1209,60,500,0
20260903T221553-0300_97908aa0,2026-09-03T23:05:35.715-03:00,134,3998009,1209,60,500,0
20260903T221553-0300_97908aa0,2026-09-03T23:06:05.511-03:00,135,4027777,1209,60,500,0
20260903T221553-0300_97908aa0,2026-09-03T23:06:35.287-03:00,136,4057573,1209,60,500,0
20260903T221553-0300_97908aa0,2026-09-03T23:07:05.064-03:00,137,4087356,1209,60,500,0
20260903T221553-0300_97908aa0,2026-09-03T23:07:34.818-03:00,138,4117126,1209,60,500,0
20260903T221553-0300_97908aa0,2026-09-03T23:08:04.558-03:00,139,4146884,1209,60,500,0
20260903T221553-0300_97908aa0,2026-09-03T23:08:34.410-03:00,140,4176622,1209,60,500,0
20260903T221553-0300_97908aa0,2026-09-03T23:09:04.193-03:00,141,4206474,1209,60,500,0
20260903T221553-0300_97908aa0,2026-09-03T23:09:33.986-03:00,142,4236256,1209,60,500,0
20260903T221553-0300_97908aa0,2026-09-03T23:10:03.768-03:00,143,4266050,1209,60,500,0
20260903T221553-0300_97908aa0,2026-09-03T23:10:33.543-03:00,144,4295839,1209,60,500,0
20260903T221553-0300_97908aa0,2026-09-03T23:11:03.304-03:00,145,4325615,1209,60,500,0
20260903T221553-0300_97908aa0,2026-09-03T23:11:33.358-03:00,146,4355374,1209,60,500,0
20260903T221553-0300_97908aa0,2026-09-03T23:12:03.160-03:00,147,4385449,1209,60,500,0
20260903T221553-0300_97908aa0,2026-09-03T23:12:33.282-03:00,148,4415234,1209,60,500,1
20260903T221553-0300_97908aa0,2026-09-03T23:13:03.092-03:00,149,4445357,1209,60,500,0
20260903T221553-0300_97908aa0,2026-09-03T23:13:32.872-03:00,150,4475170,1209,60,500,0
20260903T221553-0300_97908aa0,2026-09-03T23:14:02.634-03:00,151,4504943,1209,60,500,0
20260903T221553-0300_97908aa0,2026-09-03T23:14:32.406-03:00,152,4534708,1209,60,500,0
20260903T221553-0300_97908aa0,2026-09-03T23:15:02.181-03:00,153,4564487,1209,60,500,0
20260903T221553-0300_97908aa0,2026-09-03T23:15:31.984-03:00,154,4594255,1209,60,500,0
20260903T221553-0300_97908aa0,2026-09-03T23:16:01.803-03:00,155,4624055,1209,60,500,0
20260903T221553-0300_97908aa0,2026-09-03T23:16:31.640-03:00,156,4653884,1209,60,500,0
20260903T221553-0300_97908aa0,2026-09-03T23:17:01.472-03:00,157,4683713,1209,60,500,0
20260903T221553-0300_97908aa0,2026-09-03T23:17:31.278-03:00,158,4713546,1209,60,500,0
20260903T221553-0300_97908aa0,2026-09-03T23:18:01.061-03:00,159,4743350,1209,60,500,0
20260903T221553-0300_97908aa0,2026-09-03T23:18:30.817-03:00,160,4773134,1209,60,500,0
20260903T221553-0300_97908aa0,2026-09-03T23:19:00.641-03:00,161,4802892,1209,60,500,0
20260903T221553-0300_97908aa0,2026-09-03T23:19:30.455-03:00,162,4832720,1209,60,500,0
20260903T221553-0300_97908aa0,2026-09-03T23:20:00.269-03:00,163,4862537,1209,60,500,0
20260903T221553-0300_97908aa0,2026-09-03T23:20:30.035-03:00,164,4892343,1209,60,500,0
20260903T221553-0300_97908aa0,2026-09-03T23:20:59.788-03:00,165,4922110,1209,60,500,0
20260903T221553-0300_97908aa0,2026-09-03T23:21:29.567-03:00,166,4951863,1209,60,500,0
20260903T221553-0300_97908aa0,2026-09-03T23:21:59.315-03:00,167,4981645,1209,60,500,0
20260904T091350-0300_444e0683,2026-09-04T09:14:14.124-03:00,16,447915,1209,60,500,0
20260904T091350-0300_444e0683,2026-09-04T09:14:43.853-03:00,17,477647,1209,60,500,0
20260904T091350-0300_444e0683,2026-09-04T09:15:13.585-03:00,18,507379,1209,60,500,0
20260904T091350-0300_444e0683,2026-09-04T09:15:43.316-03:00,19,537113,1209,60,500,0
20260904T091350-0300_444e0683,2026-09-04T09:16:13.049-03:00,20,566841,1209,60,500,0
20260904T091350-0300_444e0683,2026-09-04T09:16:42.775-03:00,21,596574,1209,60,500,0
20260904T091350-0300_444e0683,2026-09-04T09:17:12.507-03:00,22,626303,1209,60,500,0
20260904T091350-0300_444e0683,2026-09-04T09:17:42.240-03:00,23,656036,1209,60,500,0
20260904T091350-0300_444e0683,2026-09-04T09:18:11.971-03:00,24,685767,1209,60,500,0
20260904T091350-0300_444e0683,2026-09-04T09:18:41.699-03:00,25,715499,1209,60,500,0
20260904T091350-0300_444e0683,2026-09-04T09:19:11.426-03:00,26,745227,1209,60,500,0
20260904T091350-0300_444e0683,2026-09-04T09:19:41.150-03:00,27,774953,1209,60,500,0
20260904T091350-0300_444e0683,2026-09-04T09:20:10.878-03:00,28,804675,1209,60,500,0
20260904T091350-0300_444e0683,2026-09-04T09:20:40.598-03:00,29,834404,1209,60,500,0
20260904T091350-0300_444e0683,2026-09-04T09:21:10.329-03:00,30,864133,1209,60,500,0
20260904T091350-0300_444e0683,2026-09-04T09:21:40.062-03:00,31,893866,1209,60,500,0
20260904T091350-0300_444e0683,2026-09-04T09:22:09.782-03:00,32,923599,1209,60,500,0
20260904T091350-0300_444e0683,2026-09-04T09:22:39.528-03:00,33,953322,1209,60,500,0
20260904T091350-0300_444e0683,2026-09-04T09:23:09.268-03:00,34,983066,1209,60,500,0
20260904T091350-0300_444e0683,2026-09-04T09:23:39.016-03:00,35,1012809,1209,60,500,0
20260904T091350-0300_444e0683,2026-09-04T09:24:08.753-03:00,36,1042557,1209,60,500,0
20260904T091350-0300_444e0683,2026-09-04T09:24:38.492-03:00,37,1072293,1209,60,500,0
20260904T091350-0300_444e0683,2026-09-04T09:25:08.216-03:00,38,1102031,1209,60,500,0
20260904T091350-0300_444e0683,2026-09-04T09:25:37.941-03:00,39,1131754,1209,60,500,0
20260904T091350-0300_444e0683,2026-09-04T09:26:07.677-03:00,40,1161485,1209,60,500,0
20260904T091350-0300_444e0683,2026-09-04T09:26:37.408-03:00,41,1191218,1209,60,500,0
20260904T091350-0300_444e0683,2026-09-04T09:27:07.135-03:00,42,1220950,1209,60,500,0
20260904T091350-0300_444e0683,2026-09-04T09:27:36.871-03:00,43,1250678,1209,60,500,0
20260904T091350-0300_444e0683,2026-09-04T09:28:06.604-03:00,44,1280413,1209,60,500,0
20260904T091350-0300_444e0683,2026-09-04T09:28:36.337-03:00,45,1310147,1209,60,500,0
20260904T091350-0300_444e0683,2026-09-04T09:29:06.075-03:00,46,1339884,1209,60,500,0
20260904T091350-0300_444e0683,2026-09-04T09:29:35.806-03:00,47,1369619,1209,60,500,0
20260904T091350-0300_444e0683,2026-09-04T09:30:05.926-03:00,48,1399350,1209,60,500,0
20260904T091350-0300_444e0683,2026-09-04T09:44:24.007-03:00,69,2257833,1209,60,500,0
20260904T091350-0300_444e0683,2026-09-04T09:44:53.737-03:00,70,2287569,1209,60,500,0
20260904T091350-0300_444e0683,2026-09-04T09:45:23.458-03:00,71,2317299,1209,60,500,0
20260904T091350-0300_444e0683,2026-09-04T09:45:53.186-03:00,72,2347023,1209,60,500,0
20260904T091350-0300_444e0683,2026-09-04T09:46:22.921-03:00,73,2376753,1209,60,500,0
20260904T091350-0300_444e0683,2026-09-04T09:46:52.651-03:00,74,2406489,1209,60,500,0
20260904T091350-0300_444e0683,2026-09-04T09:47:22.390-03:00,75,2436222,1209,60,500,0
20260904T091350-0300_444e0683,2026-09-04T09:47:52.115-03:00,76,2465955,1209,60,500,0
20260904T091350-0300_444e0683,2026-09-04T09:48:21.845-03:00,77,2495683,1209,60,500,0
20260904T091350-0300_444e0683,2026-09-04T09:48:51.581-03:00,78,2525413,1209,60,500,0
20260904T091350-0300_444e0683,2026-09-04T09:49:21.313-03:00,79,2555150,1209,60,500,0
20260904T091350-0300_444e0683,2026-09-04T09:49:51.045-03:00,80,2584881,1209,60,500,0
20260904T091350-0300_444e0683,2026-09-04T09:50:20.778-03:00,81,2614614,1209,60,500,0
20260904T091350-0300_444e0683,2026-09-04T09:50:50.506-03:00,82,2644350,1209,60,500,0
20260904T091350-0300_444e0683,2026-09-04T09:51:20.239-03:00,83,2674079,1209,60,500,0
20260904T091350-0300_444e0683,2026-09-04T09:51:49.967-03:00,84,2703810,1209,60,500,0
20260904T091350-0300_444e0683,2026-09-04T09:52:19.704-03:00,85,2733539,1209,60,500,0
20260904T091350-0300_444e0683,2026-09-04T09:52:49.429-03:00,86,2763276,1209,60,500,0
20260904T091350-0300_444e0683,2026-09-04T10:07:50.917-03:00,108,3664838,1209,60,500,0
20260904T091350-0300_444e0683,2026-09-04T10:08:20.654-03:00,109,3694574,1209,60,500,0
20260904T091350-0300_444e0683,2026-09-04T10:08:50.391-03:00,110,3724310,1209,60,500,0
20260904T091350-0300_444e0683,2026-09-04T10:09:20.166-03:00,111,3754043,1209,60,500,0
20260904T091350-0300_444e0683,2026-09-04T10:09:49.896-03:00,112,3783815,1209,60,500,0
20260904T091350-0300_444e0683,2026-09-04T10:10:19.930-03:00,113,3813552,1209,60,500,0
20260904T091350-0300_444e0683,2026-09-04T10:10:49.699-03:00,114,3843599,1209,60,500,0
20260904T091350-0300_444e0683,2026-09-04T10:11:19.431-03:00,115,3873358,1209,60,500,0
20260904T091350-0300_444e0683,2026-09-04T10:11:49.158-03:00,116,3903089,1209,60,500,0
20260904T091350-0300_444e0683,2026-09-04T10:12:18.886-03:00,117,3932818,1209,60,500,0
20260904T091350-0300_444e0683,2026-09-04T10:12:48.620-03:00,118,3962544,1209,60,500,0
20260904T091350-0300_444e0683,2026-09-04T10:13:18.529-03:00,119,3992284,1209,60,500,0
20260904T091350-0300_444e0683,2026-09-04T10:13:48.426-03:00,120,4022192,1209,60,500,0
20260904T091350-0300_444e0683,2026-09-04T10:14:18.626-03:00,121,4052087,1209,60,500,0
20260904T091350-0300_444e0683,2026-09-04T10:14:48.384-03:00,122,4082291,1209,60,500,0
20260904T091350-0300_444e0683,2026-09-04T10:15:18.198-03:00,123,4112049,1209,60,500,0
20260904T091350-0300_444e0683,2026-09-04T10:15:48.402-03:00,124,4141863,1209,60,500,0
20260904T091350-0300_444e0683,2026-09-04T10:16:18.184-03:00,125,4172070,1209,60,500,0
20260904T091350-0300_444e0683,2026-09-04T10:16:47.912-03:00,126,4201851,1209,60,500,0
20260904T091350-0300_444e0683,2026-09-04T10:17:20.327-03:00,127,4231582,1209,60,500,0
20260904T091350-0300_444e0683,2026-09-04T10:17:52.041-03:00,128,4264008,1209,60,500,0
20260904T091350-0300_444e0683,2026-09-04T10:18:22.510-03:00,129,4295718,1209,60,500,0
20260904T091350-0300_444e0683,2026-09-04T10:18:52.293-03:00,130,4326181,1209,60,500,0
20260904T091350-0300_444e0683,2026-09-04T10:19:22.060-03:00,131,4355967,1209,60,500,0
20260904T091350-0300_444e0683,2026-09-04T10:19:51.784-03:00,132,4385733,1209,60,500,0
20260904T091350-0300_444e0683,2026-09-04T10:20:21.523-03:00,133,4415465,1209,60,500,0
20260904T091350-0300_444e0683,2026-09-04T10:20:51.277-03:00,134,4445202,1209,60,500,0
20260904T091350-0300_444e0683,2026-09-04T10:21:21.010-03:00,135,4474954,1209,60,500,0
20260904T091350-0300_444e0683,2026-09-04T10:21:50.745-03:00,136,4504686,1209,60,500,0
20260904T091350-0300_444e0683,2026-09-04T10:22:20.585-03:00,137,4534426,1209,60,500,0
20260904T091350-0300_444e0683,2026-09-04T10:22:50.322-03:00,138,4564266,1209,60,500,0
20260904T091350-0300_444e0683,2026-09-04T10:23:20.071-03:00,139,4594005,1209,60,500,0
20260904T091350-0300_444e0683,2026-09-04T10:23:49.817-03:00,140,4623752,1209,60,500,0
20260904T091350-0300_444e0683,2026-09-04T10:24:19.932-03:00,141,4653502,1209,60,500,0
20260904T091350-0300_444e0683,2026-09-04T10:24:49.709-03:00,142,4683618,1209,60,500,0
20260904T091350-0300_444e0683,2026-09-04T10:25:19.436-03:00,143,4713395,1209,60,500,0
20260904T091350-0300_444e0683,2026-09-04T10:25:49.164-03:00,144,4743122,1209,60,500,0
20260904T091350-0300_444e0683,2026-09-04T10:26:18.908-03:00,145,4772854,1209,60,500,0
20260904T091350-0300_444e0683,2026-09-04T10:26:48.640-03:00,146,4802597,1209,60,500,0
20260904T091350-0300_444e0683,2026-09-04T10:27:18.373-03:00,147,4832327,1209,60,500,0
20260904T091350-0300_444e0683,2026-09-04T10:27:48.108-03:00,148,4862066,1209,60,500,0
20260904T091350-0300_444e0683,2026-09-04T10:28:17.834-03:00,149,4891798,1209,60,500,0
20260904T091350-0300_444e0683,2026-09-04T10:28:47.569-03:00,150,4921527,1209,60,500,0
20260904T091350-0300_444e0683,2026-09-04T10:29:17.299-03:00,151,4951263,1209,60,500,0
20260904T091350-0300_444e0683,2026-09-04T10:29:47.038-03:00,152,4980996,1209,60,500,0
20260904T091350-0300_444e0683,2026-09-04T10:30:16.765-03:00,153,5010733,1209,60,500,0
20260904T091350-0300_444e0683,2026-09-04T10:30:46.494-03:00,154,5040459,1209,60,500,0
20260904T091350-0300_444e0683,2026-09-04T10:31:16.228-03:00,155,5070194,1209,60,500,0
20260904T091350-0300_444e0683,2026-09-04T10:31:45.963-03:00,156,5099929,1209,60,500,0
20260904T091350-0300_444e0683,2026-09-04T10:32:15.703-03:00,157,5129670,1209,60,500,0
20260904T091350-0300_444e0683,2026-09-04T10:32:45.426-03:00,158,5159402,1209,60,500,0
20260904T091350-0300_444e0683,2026-09-04T10:33:15.162-03:00,159,5189129,1209,60,500,0
20260904T091350-0300_444e0683,2026-09-04T10:35:48.942-03:00,163,5340743,1209,60,500,1
20260904T091350-0300_444e0683,2026-09-04T10:36:20.093-03:00,164,5372652,1209,60,500,0
20260904T091350-0300_444e0683,2026-09-04T10:37:28.709-03:00,166,5442663,1209,60,500,0
20260904T091350-0300_444e0683,2026-09-04T10:41:33.910-03:00,173,5687795,1209,60,500,0
20260904T091350-0300_444e0683,2026-09-04T10:42:03.565-03:00,174,5717549,1209,60,500,0
20260904T091350-0300_444e0683,2026-09-04T10:42:33.294-03:00,175,5747285,1209,60,500,0
20260904T091350-0300_444e0683,2026-09-04T10:43:03.030-03:00,176,5777012,1209,60,500,0
20260904T091350-0300_444e0683,2026-09-04T10:43:32.767-03:00,177,5806753,1209,60,500,0
20260904T091350-0300_444e0683,2026-09-04T10:44:02.499-03:00,178,5836489,1209,60,500,0
20260904T091350-0300_444e0683,2026-09-04T10:44:32.278-03:00,179,5866224,1209,60,500,0
20260904T091350-0300_444e0683,2026-09-04T10:45:02.025-03:00,180,5896002,1209,60,500,0
20260904T091350-0300_444e0683,2026-09-04T10:45:31.765-03:00,181,5925751,1209,60,500,0
20260904T091350-0300_444e0683,2026-09-04T10:46:01.492-03:00,182,5955493,1209,60,500,0
20260904T091350-0300_444e0683,2026-09-04T10:46:31.250-03:00,183,5985224,1209,60,500,0
20260904T091350-0300_444e0683,2026-09-04T10:47:00.995-03:00,184,6014991,1209,60,500,0
20260904T091350-0300_444e0683,2026-09-04T10:47:30.728-03:00,185,6044732,1209,60,500,0
20260904T091350-0300_444e0683,2026-09-04T10:48:00.461-03:00,186,6074465,1209,60,500,0
20260904T091350-0300_444e0683,2026-09-04T10:48:30.197-03:00,187,6104195,1209,60,500,0
20260904T091350-0300_444e0683,2026-09-04T10:48:59.931-03:00,188,6133933,1209,60,500,0
20260904T091350-0300_444e0683,2026-09-04T10:49:29.664-03:00,189,6163669,1209,60,500,0
20260904T091350-0300_444e0683,2026-09-04T10:49:59.397-03:00,190,6193401,1209,60,500,0
20260904T091350-0300_444e0683,2026-09-04T10:50:29.127-03:00,191,6223136,1209,60,500,0
20260904T091350-0300_444e0683,2026-09-04T10:50:58.855-03:00,192,6252868,1209,60,500,0
20260904T091350-0300_444e0683,2026-09-04T10:51:28.585-03:00,193,6282593,1209,60,500,0
20260904T091350-0300_444e0683,2026-09-04T10:51:58.318-03:00,194,6312326,1209,60,500,0
20260904T091350-0300_444e0683,2026-09-04T10:52:28.055-03:00,195,6342062,1209,60,500,0
20260904T091350-0300_444e0683,2026-09-04T10:52:57.782-03:00,196,6371799,1209,60,500,0
20260904T091350-0300_444e0683,2026-09-04T10:53:27.523-03:00,197,6401527,1209,60,500,0
20260904T091350-0300_444e0683,2026-09-04T10:53:57.257-03:00,198,6431267,1209,60,500,0
20260904T091350-0300_444e0683,2026-09-04T10:54:26.993-03:00,199,6461004,1209,60,500,0
20260904T091350-0300_444e0683,2026-09-04T10:54:56.731-03:00,200,6490740,1209,60,500,0
20260904T091350-0300_444e0683,2026-09-04T10:55:26.506-03:00,201,6520482,1209,60,500,0
20260904T091350-0300_444e0683,2026-09-04T10:55:56.277-03:00,202,6550254,1209,60,500,0
20260904T091350-0300_444e0683,2026-09-04T10:56:26.018-03:00,203,6580029,1209,60,500,0
20260904T091350-0300_444e0683,2026-09-04T10:56:55.756-03:00,204,6609773,1209,60,500,0
20260904T091350-0300_444e0683,2026-09-04T10:57:25.492-03:00,205,6639506,1209,60,500,0
20260904T091350-0300_444e0683,2026-09-04T10:57:55.230-03:00,206,6669247,1209,60,500,0
20260904T091350-0300_444e0683,2026-09-04T10:58:24.967-03:00,207,6698985,1209,60,500,0
20260904T091350-0300_444e0683,2026-09-04T10:58:54.711-03:00,208,6728723,1209,60,500,0
20260904T091350-0300_444e0683,2026-09-04T10:59:24.449-03:00,209,6758470,1209,60,500,0
20260904T091350-0300_444e0683,2026-09-04T10:59:54.193-03:00,210,6788207,1209,60,500,0
20260904T091350-0300_444e0683,2026-09-04T11:00:23.941-03:00,211,6817951,1209,60,500,0
20260904T091350-0300_444e0683,2026-09-04T11:00:53.680-03:00,212,6847704,1209,60,500,0
20260904T091350-0300_444e0683,2026-09-04T11:01:23.416-03:00,213,6877440,1209,60,500,0
20260904T091350-0300_444e0683,2026-09-04T11:01:53.150-03:00,214,6907178,1209,60,500,0
20260904T091350-0300_444e0683,2026-09-04T11:02:22.894-03:00,215,6936911,1209,60,500,0
20260904T091350-0300_444e0683,2026-09-04T11:02:52.640-03:00,216,6966656,1209,60,500,0
20260904T091350-0300_444e0683,2026-09-04T11:03:22.369-03:00,217,6996400,1209,60,500,0
20260904T091350-0300_444e0683,2026-09-04T11:03:52.105-03:00,218,7026133,1209,60,500,0
20260904T091350-0300_444e0683,2026-09-04T11:04:21.831-03:00,219,7055869,1209,60,500,0
20260904T091350-0300_444e0683,2026-09-04T11:04:51.568-03:00,220,7085616,1209,60,500,0
20260904T091350-0300_444e0683,2026-09-04T11:05:21.301-03:00,221,7115359,1209,60,500,0
20260904T091350-0300_444e0683,2026-09-04T11:05:51.032-03:00,222,7145091,1209,60,500,0
20260904T091350-0300_444e0683,2026-09-04T11:06:20.772-03:00,223,7174823,1209,60,500,0
20260904T091350-0300_444e0683,2026-09-04T11:06:50.514-03:00,224,7204563,1209,60,500,0
20260904T091350-0300_444e0683,2026-09-04T11:07:20.246-03:00,225,7234306,1209,60,500,0
20260904T091350-0300_444e0683,2026-09-04T11:07:49.978-03:00,226,7264040,1209,60,500,0
20260904T091350-0300_444e0683,2026-09-04T11:08:19.721-03:00,227,7293772,1209,60,500,0
20260904T091350-0300_444e0683,2026-09-04T11:08:49.460-03:00,228,7323519,1209,60,500,0
20260904T091350-0300_444e0683,2026-09-04T11:09:19.207-03:00,229,7353256,1209,60,500,0
20260904T091350-0300_444e0683,2026-09-04T11:09:48.947-03:00,230,7383003,1209,60,500,0
20260904T091350-0300_444e0683,2026-09-04T11:10:18.687-03:00,231,7412744,1209,60,500,0
20260904T091350-0300_444e0683,2026-09-04T11:10:48.441-03:00,232,7442489,1209,60,500,0
20260904T091350-0300_444e0683,2026-09-04T11:11:18.173-03:00,233,7472240,1209,60,500,0
20260904T091350-0300_444e0683,2026-09-04T11:11:47.915-03:00,234,7501969,1209,60,500,0
20260909T101028-0300_67ae29a4,2026-09-09T10:10:39.121-03:00,2,31592,1209,60,500,0
20260909T101028-0300_67ae29a4,2026-09-09T10:11:09.079-03:00,3,61318,1209,60,500,0
20260909T101028-0300_67ae29a4,2026-09-09T10:11:38.562-03:00,4,91039,1209,60,500,0
20260909T101028-0300_67ae29a4,2026-09-09T10:12:08.287-03:00,5,120760,1209,60,500,0
20260909T101028-0300_67ae29a4,2026-09-09T10:12:38.018-03:00,6,150485,1209,60,500,0
20260909T101028-0300_67ae29a4,2026-09-09T10:13:07.745-03:00,7,180213,1209,60,500,0
20260909T101028-0300_67ae29a4,2026-09-09T10:13:37.521-03:00,8,209944,1209,60,500,0
20260909T101028-0300_67ae29a4,2026-09-09T10:14:07.197-03:00,9,239671,1209,60,500,0
20260909T101028-0300_67ae29a4,2026-09-09T10:14:36.917-03:00,10,269393,1209,60,500,0
20260909T101028-0300_67ae29a4,2026-09-09T10:15:06.651-03:00,11,299119,1209,60,500,0
20260909T101028-0300_67ae29a4,2026-09-09T10:15:36.380-03:00,12,328851,1209,60,500,0
20260909T101028-0300_67ae29a4,2026-09-09T10:16:06.117-03:00,13,358583,1209,60,500,0
20260909T101028-0300_67ae29a4,2026-09-09T10:16:35.848-03:00,14,388318,1209,60,500,0
20260909T101028-0300_67ae29a4,2026-09-09T10:17:05.588-03:00,15,418054,1209,60,500,0
20260909T101028-0300_67ae29a4,2026-09-09T10:17:35.312-03:00,16,447793,1209,60,500,0
20260909T101028-0300_67ae29a4,2026-09-09T10:18:05.050-03:00,17,477517,1209,60,500,0
20260909T101028-0300_67ae29a4,2026-09-09T10:18:34.770-03:00,18,507256,1209,60,500,0
20260909T101028-0300_67ae29a4,2026-09-09T10:19:04.518-03:00,19,536978,1209,60,500,0
20260909T101028-0300_67ae29a4,2026-09-09T10:19:34.243-03:00,20,566724,1209,60,500,0
20260909T101028-0300_67ae29a4,2026-09-09T10:20:03.970-03:00,21,596446,1209,60,500,0
20260909T101028-0300_67ae29a4,2026-09-09T10:20:33.698-03:00,22,626175,1209,60,500,0
20260909T101028-0300_67ae29a4,2026-09-09T10:21:03.436-03:00,23,655907,1209,60,500,0
20260909T101028-0300_67ae29a4,2026-09-09T10:21:33.159-03:00,24,685645,1209,60,500,0
20260909T101028-0300_67ae29a4,2026-09-09T10:22:02.885-03:00,25,715368,1209,60,500,0
20260909T101028-0300_67ae29a4,2026-09-09T10:22:32.621-03:00,26,745095,1209,60,500,0
20260909T101028-0300_67ae29a4,2026-09-09T10:23:02.349-03:00,27,774831,1209,60,500,0
20260909T101028-0300_67ae29a4,2026-09-09T10:23:32.070-03:00,28,804558,1209,60,500,0
20260909T101028-0300_67ae29a4,2026-09-09T10:24:01.802-03:00,29,834286,1209,60,500,0
20260909T101028-0300_67ae29a4,2026-09-09T10:24:31.529-03:00,30,864017,1209,60,500,0
20260909T101028-0300_67ae29a4,2026-09-09T10:25:01.270-03:00,31,893744,1209,60,500,0
20260909T101028-0300_67ae29a4,2026-09-09T10:25:31.005-03:00,32,923488,1209,60,500,0
20260909T101028-0300_67ae29a4,2026-09-09T10:26:00.729-03:00,33,953222,1209,60,500,0
20260909T101028-0300_67ae29a4,2026-09-09T10:26:30.476-03:00,34,982950,1209,60,500,0
20260909T101028-0300_67ae29a4,2026-09-09T10:27:00.208-03:00,35,1012692,1209,60,500,0
20260909T101028-0300_67ae29a4,2026-09-09T10:27:29.944-03:00,36,1042430,1209,60,500,0
20260909T101028-0300_67ae29a4,2026-09-09T10:27:59.731-03:00,37,1072162,1209,60,500,0
20260909T101028-0300_67ae29a4,2026-09-09T10:28:29.390-03:00,38,1101885,1209,60,500,0
20260909T101028-0300_67ae29a4,2026-09-09T10:28:59.116-03:00,39,1131612,1209,60,500,0
20260909T101028-0300_67ae29a4,2026-09-09T10:29:28.863-03:00,40,1161340,1209,60,500,0
20260909T101028-0300_67ae29a4,2026-09-09T10:29:58.587-03:00,41,1191082,1209,60,500,0
20260909T101028-0300_67ae29a4,2026-09-09T10:30:28.315-03:00,42,1220808,1209,60,500,0
20260909T101028-0300_67ae29a4,2026-09-09T10:32:27.241-03:00,46,1339728,1209,60,500,0
20260909T101028-0300_67ae29a4,2026-09-09T10:32:56.980-03:00,47,1369465,1209,60,500,0
20260909T101028-0300_67ae29a4,2026-09-09T10:33:26.727-03:00,48,1399210,1209,60,500,0
20260909T101028-0300_67ae29a4,2026-09-09T10:33:56.448-03:00,49,1428953,1209,60,500,0
20260909T101028-0300_67ae29a4,2026-09-09T10:34:26.184-03:00,50,1458676,1209,60,500,0
20260909T101028-0300_67ae29a4,2026-09-09T10:34:55.919-03:00,51,1488414,1209,60,500,0
20260909T101028-0300_67ae29a4,2026-09-09T10:35:25.656-03:00,52,1518145,1209,60,500,0
20260909T101028-0300_67ae29a4,2026-09-09T10:35:55.388-03:00,53,1547887,1209,60,500,0
20260909T101028-0300_67ae29a4,2026-09-09T10:36:25.115-03:00,54,1577618,1209,60,500,0
20260909T101028-0300_67ae29a4,2026-09-09T10:36:54.838-03:00,55,1607346,1209,60,500,0
20260909T101028-0300_67ae29a4,2026-09-09T10:37:24.570-03:00,56,1637068,1209,60,500,0
20260909T101028-0300_67ae29a4,2026-09-09T10:37:54.323-03:00,57,1666804,1209,60,500,0
20260909T101028-0300_67ae29a4,2026-09-09T10:38:24.051-03:00,58,1696556,1209,60,500,0
20260909T101028-0300_67ae29a4,2026-09-09T10:38:53.781-03:00,59,1726286,1209,60,500,0
20260909T101028-0300_67ae29a4,2026-09-09T10:39:23.506-03:00,60,1756016,1209,60,500,0
20260909T101028-0300_67ae29a4,2026-09-09T10:39:53.231-03:00,61,1785742,1209,60,500,0
20260909T101028-0300_67ae29a4,2026-09-09T10:40:22.960-03:00,62,1815468,1209,60,500,0
20260909T101028-0300_67ae29a4,2026-09-09T10:40:52.685-03:00,63,1845198,1209,60,500,0
20260909T101028-0300_67ae29a4,2026-09-09T10:41:22.412-03:00,64,1874920,1209,60,500,0
20260909T101028-0300_67ae29a4,2026-09-09T10:41:52.148-03:00,65,1904654,1209,60,500,0
20260909T101028-0300_67ae29a4,2026-09-09T10:42:21.875-03:00,66,1934387,1209,60,500,0
20260909T101028-0300_67ae29a4,2026-09-09T10:42:51.644-03:00,67,1964117,1209,60,500,0
20260909T101028-0300_67ae29a4,2026-09-09T10:43:21.325-03:00,68,1993842,1209,60,500,0
20260909T101028-0300_67ae29a4,2026-09-09T10:43:51.059-03:00,69,2023567,1209,60,500,0
20260909T101028-0300_67ae29a4,2026-09-09T10:44:20.802-03:00,70,2053303,1209,60,500,0
20260909T101028-0300_67ae29a4,2026-09-09T10:44:50.535-03:00,71,2083047,1209,60,500,0
20260909T101028-0300_67ae29a4,2026-09-09T10:45:20.366-03:00,72,2112777,1209,60,500,0
20260909T101028-0300_67ae29a4,2026-09-09T10:45:49.988-03:00,73,2142501,1209,60,500,0
20260909T101028-0300_67ae29a4,2026-09-09T10:46:19.709-03:00,74,2172233,1209,60,500,0
20260909T101028-0300_67ae29a4,2026-09-09T10:46:49.625-03:00,75,2201958,1209,60,500,0
20260909T101028-0300_67ae29a4,2026-09-09T10:47:19.352-03:00,76,2231689,1209,60,500,0
20260909T101028-0300_67ae29a4,2026-09-09T10:47:49.089-03:00,77,2261415,1209,60,500,0
20260909T101028-0300_67ae29a4,2026-09-09T10:48:18.814-03:00,78,2291152,1209,60,500,0
20260909T101028-0300_67ae29a4,2026-09-09T10:48:48.550-03:00,79,2320881,1209,60,500,0
20260909T101028-0300_67ae29a4,2026-09-09T10:49:18.360-03:00,80,2350617,1209,60,500,0
20260909T101028-0300_67ae29a4,2026-09-09T10:49:48.030-03:00,81,2380350,1209,60,500,0
20260909T101028-0300_67ae29a4,2026-09-09T10:50:17.759-03:00,82,2410093,1209,60,500,0
20260909T101028-0300_67ae29a4,2026-09-09T10:50:47.487-03:00,83,2439825,1209,60,500,0
20260909T101028-0300_67ae29a4,2026-09-09T10:51:17.218-03:00,84,2469550,1209,60,500,0
20260909T101028-0300_67ae29a4,2026-09-09T10:51:46.946-03:00,85,2499282,1209,60,500,0
20260909T101028-0300_67ae29a4,2026-09-09T10:52:16.683-03:00,86,2529009,1209,60,500,0
20260909T101028-0300_67ae29a4,2026-09-09T10:52:46.433-03:00,87,2558744,1209,60,500,0
20260909T101028-0300_67ae29a4,2026-09-09T10:53:16.163-03:00,88,2588494,1209,60,500,0
20260909T101028-0300_67ae29a4,2026-09-09T10:53:45.898-03:00,89,2618224,1209,60,500,0
20260909T101028-0300_67ae29a4,2026-09-09T10:54:15.634-03:00,90,2647968,1209,60,500,0
20260909T101028-0300_67ae29a4,2026-09-09T10:54:45.362-03:00,91,2677696,1209,60,500,0
20260909T101028-0300_67ae29a4,2026-09-09T10:55:15.095-03:00,92,2707425,1209,60,500,0
20260909T101028-0300_67ae29a4,2026-09-09T10:55:44.820-03:00,93,2737154,1209,60,500,0
20260909T101028-0300_67ae29a4,2026-09-09T10:56:14.554-03:00,94,2766883,1209,60,500,0
20260909T101028-0300_67ae29a4,2026-09-09T10:56:44.304-03:00,95,2796611,1209,60,500,0
20260909T101028-0300_67ae29a4,2026-09-09T10:57:14.028-03:00,96,2826367,1209,60,500,0
20260909T101028-0300_67ae29a4,2026-09-09T10:57:43.763-03:00,97,2856089,1209,60,500,0
20260909T101028-0300_67ae29a4,2026-09-09T10:58:13.501-03:00,98,2885824,1209,60,500,0
20260909T101028-0300_67ae29a4,2026-09-09T10:58:43.231-03:00,99,2915561,1209,60,500,0
20260909T101028-0300_67ae29a4,2026-09-09T10:59:12.961-03:00,100,2945289,1209,60,500,0
20260909T101028-0300_67ae29a4,2026-09-09T10:59:42.691-03:00,101,2975017,1209,60,500,0
20260909T101028-0300_67ae29a4,2026-09-09T11:00:12.420-03:00,102,3004748,1209,60,500,0
20260909T101028-0300_67ae29a4,2026-09-09T11:00:42.149-03:00,103,3034479,1209,60,500,0
20260909T101028-0300_67ae29a4,2026-09-09T11:01:11.909-03:00,104,3064207,1209,60,500,0
20260909T101028-0300_67ae29a4,2026-09-09T11:01:41.636-03:00,105,3093969,1209,60,500,0
20260909T101028-0300_67ae29a4,2026-09-09T11:02:11.375-03:00,106,3123701,1209,60,500,0
20260909T101028-0300_67ae29a4,2026-09-09T11:02:41.144-03:00,107,3153432,1209,60,500,0
20260909T101028-0300_67ae29a4,2026-09-09T11:03:10.907-03:00,108,3183201,1209,60,500,0
20260909T101028-0300_67ae29a4,2026-09-09T11:03:40.653-03:00,109,3212941,1209,60,500,0
20260909T101028-0300_67ae29a4,2026-09-09T11:04:10.400-03:00,110,3242685,1209,60,500,0
20260909T101028-0300_67ae29a4,2026-09-09T11:04:40.131-03:00,111,3272427,1209,60,500,0
20260909T101028-0300_67ae29a4,2026-09-09T11:05:09.857-03:00,112,3302159,1209,60,500,0
20260909T101028-0300_67ae29a4,2026-09-09T11:05:39.583-03:00,113,3331885,1209,60,500,0
20260909T101028-0300_67ae29a4,2026-09-09T11:06:09.316-03:00,114,3361612,1209,60,500,0
20260909T101028-0300_67ae29a4,2026-09-09T11:06:39.049-03:00,115,3391344,1209,60,500,0
20260909T101028-0300_67ae29a4,2026-09-09T11:07:08.785-03:00,116,3421076,1209,60,500,0
20260909T101028-0300_67ae29a4,2026-09-09T11:07:38.523-03:00,117,3450809,1209,60,500,0
20260909T101028-0300_67ae29a4,2026-09-09T11:08:08.254-03:00,118,3480550,1209,60,500,0
20260909T101028-0300_67ae29a4,2026-09-09T11:08:37.983-03:00,119,3510279,1209,60,500,0
20260909T101028-0300_67ae29a4,2026-09-09T11:09:07.712-03:00,120,3540007,1209,60,500,0
20260909T101028-0300_67ae29a4,2026-09-09T11:09:37.445-03:00,121,3569737,1209,60,500,0
20260909T101028-0300_67ae29a4,2026-09-09T11:10:07.180-03:00,122,3599469,1209,60,500,0
20260909T101028-0300_67ae29a4,2026-09-09T11:10:36.918-03:00,123,3629206,1209,60,500,0
20260909T101028-0300_67ae29a4,2026-09-09T11:11:06.647-03:00,124,3658940,1209,60,500,0
20260909T101028-0300_67ae29a4,2026-09-09T11:11:36.387-03:00,125,3688674,1209,60,500,0
20260909T101028-0300_67ae29a4,2026-09-09T11:12:06.119-03:00,126,3718411,1209,60,500,0
20260909T101028-0300_67ae29a4,2026-09-09T11:12:35.855-03:00,127,3748143,1209,60,500,0
20260909T101028-0300_67ae29a4,2026-09-09T11:13:05.585-03:00,128,3777877,1209,60,500,0
20260916T102940-0300_58ad6dab,2026-09-16T10:29:52.736-03:00,1,1843,1209,60,500,0
20260916T102940-0300_58ad6dab,2026-09-16T10:30:22.648-03:00,2,31568,1209,60,500,0
20260916T102940-0300_58ad6dab,2026-09-16T10:30:52.203-03:00,3,61293,1209,60,500,0
20260916T102940-0300_58ad6dab,2026-09-16T10:31:21.926-03:00,4,91030,1209,60,500,0
20260916T102940-0300_58ad6dab,2026-09-16T10:31:51.657-03:00,5,120753,1209,60,500,0
20260916T102940-0300_58ad6dab,2026-09-16T10:32:21.371-03:00,6,150474,1209,60,500,0
20260916T102940-0300_58ad6dab,2026-09-16T10:32:51.105-03:00,7,180197,1209,60,500,0
20260916T102940-0300_58ad6dab,2026-09-16T10:33:20.848-03:00,8,209939,1209,60,500,0
20260916T102940-0300_58ad6dab,2026-09-16T10:33:50.581-03:00,9,239671,1209,60,500,0
20260916T102940-0300_58ad6dab,2026-09-16T10:34:20.321-03:00,10,269401,1209,60,500,0
20260916T102940-0300_58ad6dab,2026-09-16T10:34:50.052-03:00,11,299139,1209,60,500,0
20260916T102940-0300_58ad6dab,2026-09-16T10:35:19.791-03:00,12,328868,1209,60,500,0
20260916T102940-0300_58ad6dab,2026-09-16T10:35:49.606-03:00,13,358606,1209,60,500,0
20260916T102940-0300_58ad6dab,2026-09-16T10:36:19.257-03:00,14,388341,1209,60,500,0
20260916T102940-0300_58ad6dab,2026-09-16T10:36:48.994-03:00,15,418072,1209,60,500,0
20260916T102940-0300_58ad6dab,2026-09-16T10:37:18.722-03:00,16,447805,1209,60,500,0
20260916T102940-0300_58ad6dab,2026-09-16T10:37:48.457-03:00,17,477531,1209,60,500,0
20260916T102940-0300_58ad6dab,2026-09-16T10:38:18.166-03:00,18,507266,1209,60,500,0
20260916T102940-0300_58ad6dab,2026-09-16T10:38:47.896-03:00,19,537013,1209,60,500,0
20260916T102940-0300_58ad6dab,2026-09-16T10:39:17.651-03:00,20,566750,1209,60,500,0
20260916T102940-0300_58ad6dab,2026-09-16T10:39:47.567-03:00,21,596504,1209,60,500,0
20260916T102940-0300_58ad6dab,2026-09-16T10:40:17.108-03:00,22,626233,1209,60,500,0
20260916T102940-0300_58ad6dab,2026-09-16T10:40:47.200-03:00,23,655962,1209,60,500,0
20260916T102940-0300_58ad6dab,2026-09-16T10:41:16.579-03:00,24,685696,1209,60,500,0
20260916T102940-0300_58ad6dab,2026-09-16T10:41:46.310-03:00,25,715425,1209,60,500,0
20260916T102940-0300_58ad6dab,2026-09-16T10:42:16.061-03:00,26,745157,1209,60,500,0
20260916T102940-0300_58ad6dab,2026-09-16T10:42:45.850-03:00,27,774910,1209,60,500,0
20260916T102940-0300_58ad6dab,2026-09-16T10:43:15.639-03:00,28,804634,1209,60,500,0
20260916T102940-0300_58ad6dab,2026-09-16T10:43:45.289-03:00,29,834388,1209,60,500,0
20260916T102940-0300_58ad6dab,2026-09-16T10:44:15.028-03:00,30,864135,1209,60,500,0
20260916T102940-0300_58ad6dab,2026-09-16T10:44:44.763-03:00,31,893870,1209,60,500,0
20260916T102940-0300_58ad6dab,2026-09-16T10:45:14.555-03:00,32,923603,1209,60,500,0
20260916T102940-0300_58ad6dab,2026-09-16T10:45:44.228-03:00,33,953338,1209,60,500,0
20260916T102940-0300_58ad6dab,2026-09-16T10:46:13.963-03:00,34,983070,1209,60,500,0
20260916T102940-0300_58ad6dab,2026-09-16T10:46:43.686-03:00,35,1012798,1209,60,500,0
20260916T102940-0300_58ad6dab,2026-09-16T10:47:13.584-03:00,36,1042526,1209,60,500,0
20260916T102940-0300_58ad6dab,2026-09-16T10:47:43.162-03:00,37,1072260,1209,60,500,0
20260916T102940-0300_58ad6dab,2026-09-16T10:48:12.900-03:00,38,1102008,1209,60,500,0
20260916T102940-0300_58ad6dab,2026-09-16T10:48:42.638-03:00,39,1131736,1209,60,500,0
20260916T102940-0300_58ad6dab,2026-09-16T10:49:12.371-03:00,40,1161471,1209,60,500,0
20260916T102940-0300_58ad6dab,2026-09-16T10:49:42.103-03:00,41,1191204,1209,60,500,0
20260916T102940-0300_58ad6dab,2026-09-16T10:50:11.832-03:00,42,1220934,1209,60,500,0
20260916T102940-0300_58ad6dab,2026-09-16T10:50:41.654-03:00,43,1250665,1209,60,500,0
20260916T102940-0300_58ad6dab,2026-09-16T10:51:11.292-03:00,44,1280390,1209,60,500,0
20260916T102940-0300_58ad6dab,2026-09-16T10:51:41.027-03:00,45,1310121,1209,60,500,0
20260916T102940-0300_58ad6dab,2026-09-16T10:52:10.757-03:00,46,1339855,1209,60,500,0
20260916T102940-0300_58ad6dab,2026-09-16T10:52:40.492-03:00,47,1369584,1209,60,500,0
20260916T102940-0300_58ad6dab,2026-09-16T10:53:10.226-03:00,48,1399319,1209,60,500,0
20260916T102940-0300_58ad6dab,2026-09-16T10:53:39.956-03:00,49,1429052,1209,60,500,0
20260916T102940-0300_58ad6dab,2026-09-16T10:54:09.697-03:00,50,1458783,1209,60,500,0
20260916T102940-0300_58ad6dab,2026-09-16T10:54:39.598-03:00,51,1488510,1209,60,500,0
20260916T102940-0300_58ad6dab,2026-09-16T10:55:09.165-03:00,52,1518239,1209,60,500,0
20260916T102940-0300_58ad6dab,2026-09-16T10:55:38.914-03:00,53,1547975,1209,60,500,0
20260916T102940-0300_58ad6dab,2026-09-16T10:56:08.646-03:00,54,1577720,1209,60,500,0
20260916T102940-0300_58ad6dab,2026-09-16T10:56:38.374-03:00,55,1607451,1209,60,500,0
20260916T102940-0300_58ad6dab,2026-09-16T10:57:08.108-03:00,56,1637179,1209,60,500,0
20260916T102940-0300_58ad6dab,2026-09-16T10:57:37.836-03:00,57,1666912,1209,60,500,0
20260916T102940-0300_58ad6dab,2026-09-16T10:58:07.684-03:00,58,1696642,1209,60,500,0
20260916T102940-0300_58ad6dab,2026-09-16T10:58:37.330-03:00,59,1726407,1209,60,500,0
20260916T102940-0300_58ad6dab,2026-09-16T10:59:07.063-03:00,60,1756131,1209,60,500,0
20260916T102940-0300_58ad6dab,2026-09-16T10:59:36.788-03:00,61,1785862,1209,60,500,0
20260916T102940-0300_58ad6dab,2026-09-16T11:00:06.520-03:00,62,1815583,1209,60,500,0
20260916T102940-0300_58ad6dab,2026-09-16T11:00:36.266-03:00,63,1845318,1209,60,500,0
20260916T102940-0300_58ad6dab,2026-09-16T11:01:06.005-03:00,64,1875064,1209,60,500,0
20260916T102940-0300_58ad6dab,2026-09-16T11:01:35.733-03:00,65,1904800,1209,60,500,0
20260916T102940-0300_58ad6dab,2026-09-16T11:02:05.622-03:00,66,1934527,1209,60,500,0
