session_id,received_at,valid_data_packets,unique_fragments,duplicate_fragments,malformed_packets,crc_failures,acks_transmitted,completed_batches,incomplete_batches_replaced,sequence_gaps,receive_queue_drops
20260903T215850-0300_76792b59,2026-09-03T21:59:00.647-03:00,56,56,0,0,0,56,8,0,0,0
20260903T215850-0300_76792b59,2026-09-03T21:59:30.382-03:00,63,63,0,0,0,63,9,0,0,0
20260903T215850-0300_76792b59,2026-09-03T22:00:00.132-03:00,70,70,0,0,0,70,10,0,0,0
20260903T215850-0300_76792b59,2026-09-03T22:00:29.862-03:00,77,77,0,0,0,77,11,0,0,0
20260903T215850-0300_76792b59,2026-09-03T22:00:59.598-03:00,84,84,0,0,0,84,12,0,0,0
20260903T215850-0300_76792b59,2026-09-03T22:01:29.328-03:00,91,91,0,0,0,91,13,0,0,0
20260903T215850-0300_76792b59,2026-09-03T22:01:59.058-03:00,98,98,0,0,0,98,14,0,0,0
20260903T215850-0300_76792b59,2026-09-03T22:02:28.792-03:00,105,105,0,0,0,105,15,0,0,0
20260903T215850-0300_76792b59,2026-09-03T22:02:58.527-03:00,112,112,0,0,0,112,16,0,0,0
20260903T215850-0300_76792b59,2026-09-03T22:03:28.265-03:00,119,119,0,0,0,119,17,0,0,0
20260903T215850-0300_76792b59,2026-09-03T22:03:57.998-03:00,126,126,0,0,0,126,18,0,0,0
20260903T215850-0300_76792b59,2026-09-03T22:04:27.736-03:00,133,133,0,0,0,133,19,0,0,0
20260903T215850-0300_76792b59,2026-09-03T22:04:57.471-03:00,140,140,0,0,0,140,20,0,0,0
20260903T215850-0300_76792b59,2026-09-03T22:05:27.197-03:00,147,147,0,0,0,147,21,0,0,0
20260903T215850-0300_76792b59,2026-09-03T22:05:56.970-03:00,154,154,0,0,0,154,22,0,0,0
20260903T215850-0300_76792b59,2026-09-03T22:06:26.740-03:00,161,161,0,0,0,161,23,0,0,0
20260903T215850-0300_76792b59,2026-09-03T22:06:56.484-03:00,168,168,0,0,0,168,24,0,0,0
20260903T215850-0300_76792b59,2026-09-03T22:07:26.226-03:00,175,175,0,0,0,175,25,0,0,0
20260903T215850-0300_76792b59,2026-09-03T22:07:55.965-03:00,182,182,0,0,0,182,26,0,0,0
20260903T215850-0300_76792b59,2026-09-03T22:08:25.704-03:00,189,189,0,0,0,189,27,0,0,0
20260903T215850-0300_76792b59,2026-09-03T22:08:55.432-03:00,196,196,0,0,0,196,28,0,0,0
20260903T215850-0300_76792b59,2026-09-03T22:09:25.165-03:00,203,203,0,0,0,203,29,0,0,0
20260903T215850-0300_76792b59,2026-09-03T22:09:54.896-03:00,210,210,0,0,0,210,30,0,0,0
20260903T215850-0300_76792b59,2026-09-03T22:10:24.632-03:00,217,217,0,0,0,217,31,0,0,0
20260903T215850-0300_76792b59,2026-09-03T22:10:54.366-03:00,224,224,0,0,0,224,32,0,0,0
20260903T215850-0300_76792b59,2026-09-03T22:11:24.100-03:00,231,231,0,0,0,231,33,0,0,0
20260903T215850-0300_76792b59,2026-09-03T22:11:53.829-03:00,238,238,0,0,0,238,34,0,0,0
20260903T215850-0300_76792b59,2026-09-03T22:12:23.570-03:00,245,245,0,0,0,245,35,0,0,0
20260903T215850-0300_76792b59,2026-09-03T22:12:53.304-03:00,252,252,0,0,0,252,36,0,0,0
20260903T215850-0300_76792b59,2026-09-03T22:13:23.037-03:00,259,259,0,0,0,259,37,0,0,0
20260903T215850-0300_76792b59,2026-09-03T22:13:52.779-03:00,266,266,0,0,0,266,38,0,0,0
20260903T215850-0300_76792b59,2026-09-03T22:14:22.508-03:00,273,273,0,0,0,273,39,0,0,0
20260903T215850-0300_76792b59,2026-09-03T22:14:52.249-03:00,280,280,0,0,0,280,40,0,0,0
20260903T215850-0300_76792b59,2026-09-03T22:15:22.007-03:00,287,287,0,0,0,287,41,0,0,0
20260903T221553-0300_97908aa0,2026-09-03T22:16:21.484-03:00,301,301,0,0,0,301,43,0,0,0
20260903T221553-0300_97908aa0,2026-09-03T22:16:51.218-03:00,308,308,0,0,0,308,44,0,0,0
20260903T221553-0300_97908aa0,2026-09-03T22:17:20.946-03:00,315,315,0,0,0,315,45,0,0,0
20260903T221553-0300_97908aa0,2026-09-03T22:17:50.683-03:00,322,322,0,0,0,322,46,0,0,0
20260903T221553-0300_97908aa0,2026-09-03T22:18:20.428-03:00,329,329,0,0,0,329,47,0,0,0
20260903T221553-0300_97908aa0,2026-09-03T22:18:50.184-03:00,336,336,0,0,0,336,48,0,0,0
20260903T221553-0300_97908aa0,2026-09-03T22:19:19.918-03:00,343,343,0,0,0,343,49,0,0,0
20260903T221553-0300_97908aa0,2026-09-03T22:19:49.656-03:00,350,350,0,0,0,350,50,0,0,0
20260903T221553-0300_97908aa0,2026-09-03T22:20:19.421-03:00,357,357,0,0,0,357,51,0,0,0
20260903T221553-0300_97908aa0,2026-09-03T22:20:49.206-03:00,364,364,0,0,0,364,52,0,0,0
20260903T221553-0300_97908aa0,2026-09-03T22:21:18.966-03:00,371,371,0,0,0,371,53,0,0,0
20260903T221553-0300_97908aa0,2026-09-03T22:21:48.740-03:00,378,378,0,0,0,378,54,0,0,0
20260903T221553-0300_97908aa0,2026-09-03T22:22:18.484-03:00,385,385,0,0,0,385,55,0,0,0
20260903T221553-0300_97908aa0,2026-09-03T22:22:48.228-03:00,392,392,0,0,0,392,56,0,0,0
20260903T221553-0300_97908aa0,2026-09-03T22:23:17.979-03:00,399,399,0,0,0,399,57,0,0,0
20260903T221553-0300_97908aa0,2026-09-03T22:23:47.748-03:00,406,406,0,0,0,406,58,0,0,0
20260903T221553-0300_97908aa0,2026-09-03T22:24:17.505-03:00,413,413,0,0,0,413,59,0,0,0
20260903T221553-0300_97908aa0,2026-09-03T22:24:47.285-03:00,420,420,0,0,0,420,60,0,0,0
20260903T221553-0300_97908aa0,2026-09-03T22:25:17.042-03:00,427,427,0,0,0,427,61,0,0,0
20260903T221553-0300_97908aa0,2026-09-03T22:25:46.820-03:00,434,434,0,0,0,434,62,0,0,0
20260903T221553-0300_97908aa0,2026-09-03T22:26:16.585-03:00,441,441,0,0,0,441,63,0,0,0
20260903T221553-0300_97908aa0,2026-09-03T22:26:46.351-03:00,448,448,0,0,0,448,64,0,0,0
20260903T221553-0300_97908aa0,2026-09-03T22:27:16.116-03:00,455,455,0,0,0,455,65,0,0,0
20260903T221553-0300_97908aa0,2026-09-03T22:27:45.885-03:00,462,462,0,0,0,462,66,0,0,0
20260903T221553-0300_97908aa0,2026-09-03T22:28:15.663-03:00,469,469,0,0,0,469,67,0,0,0
20260903T221553-0300_97908aa0,2026-09-03T22:28:45.441-03:00,476,476,0,0,0,476,68,0,0,0
20260903T221553-0300_97908aa0,2026-09-03T22:29:15.208-03:00,483,483,0,0,0,483,69,0,0,0
20260903T221553-0300_97908aa0,2026-09-03T22:29:44.986-03:00,490,490,0,0,0,490,70,0,0,0
20260903T221553-0300_97908aa0,2026-09-03T22:30:14.744-03:00,497,497,0,0,0,497,71,0,0,0
20260903T221553-0300_97908aa0,2026-09-03T22:30:44.492-03:00,504,504,0,0,0,504,72,0,0,0
20260903T221553-0300_97908aa0,2026-09-03T22:31:14.234-03:00,511,511,0,0,0,511,73,0,0,0
20260903T221553-0300_97908aa0,2026-09-03T22:31:44.011-03:00,518,518,0,0,0,518,74,0,0,0
20260903T221553-0300_97908aa0,2026-09-03T22:32:13.793-03:00,525,525,0,0,0,525,75,0,0,0
20260903T221553-0300_97908aa0,2026-09-03T22:32:43.542-03:00,532,532,0,0,0,532,76,0,0,0
20260903T221553-0300_97908aa0,2026-09-03T22:33:13.374-03:00,539,539,0,0,0,539,77,0,0,0
20260903T221553-0300_97908aa0,2026-09-03T22:33:43.417-03:00,546,546,0,0,0,546,78,0,0,0
20260903T221553-0300_97908aa0,2026-09-03T22:34:15.139-03:00,556,553,3,0,0,556,79,0,0,0
20260903T221553-0300_97908aa0,2026-09-03T22:34:44.925-03:00,563,560,3,0,0,563,80,0,0,0
20260903T221553-0300_97908aa0,2026-09-03T22:35:14.707-03:00,570,567,3,0,0,570,81,0,0,0
20260903T221553-0300_97908aa0,2026-09-03T22:35:44.508-03:00,577,574,3,0,0,577,82,0,0,0
20260903T221553-0300_97908aa0,2026-09-03T22:36:14.271-03:00,584,581,3,0,0,584,83,0,0,0
20260903T221553-0300_97908aa0,2026-09-03T22:36:44.908-03:00,592,588,4,0,0,592,84,0,0,0
20260903T221553-0300_97908aa0,2026-09-03T22:37:14.665-03:00,599,595,4,0,0,599,85,0,0,0
20260903T221553-0300_97908aa0,2026-09-03T22:37:44.405-03:00,606,602,4,0,0,606,86,0,0,0
20260903T221553-0300_97908aa0,2026-09-03T22:38:14.257-03:00,613,609,4,0,0,613,87,0,0,0
20260903T221553-0300_97908aa0,2026-09-03T22:38:44.242-03:00,620,616,4,0,0,620,88,0,0,0
20260903T221553-0300_97908aa0,2026-09-03T22:39:14.475-03:00,627,623,4,0,0,627,89,0,0,0
20260903T221553-0300_97908aa0,2026-09-03T22:39:44.259-03:00,634,630,4,0,0,634,90,0,0,0
20260903T221553-0300_97908aa0,2026-09-03T22:40:14.034-03:00,641,637,4,0,0,641,91,0,0,0
20260903T221553-0300_97908aa0,2026-09-03T22:40:43.869-03:00,648,644,4,0,0,648,92,0,0,0
20260903T221553-0300_97908aa0,2026-09-03T22:41:13.616-03:00,655,651,4,0,0,655,93,0,0,0
20260903T221553-0300_97908aa0,2026-09-03T22:41:43.425-03:00,662,658,4,0,0,662,94,0,0,0
20260903T221553-0300_97908aa0,2026-09-03T22:42:13.222-03:00,669,665,4,0,0,669,95,0,0,0
20260903T221553-0300_97908aa0,2026-09-03T22:42:43.058-03:00,676,672,4,0,0,676,96,0,0,0
20260903T221553-0300_97908aa0,2026-09-03T22:43:12.851-03:00,683,679,4,0,0,683,97,0,0,0
20260903T221553-0300_97908aa0,2026-09-03T22:43:42.604-03:00,690,686,4,0,0,690,98,0,0,0
20260903T221553-0300_97908aa0,2026-09-03T22:44:12.351-03:00,697,693,4,0,0,697,99,0,0,0
20260903T221553-0300_97908aa0,2026-09-03T22:44:42.127-03:00,704,700,4,0,0,704,100,0,0,0
20260903T221553-0300_97908aa0,2026-09-03T22:45:13.982-03:00,711,707,4,0,0,711,101,0,0,0
20260903T221553-0300_97908aa0,2026-09-03T22:45:43.944-03:00,718,714,4,0,0,718,102,0,0,0
20260903T221553-0300_97908aa0,2026-09-03T22:47:58.571-03:00,745,739,6,0,0,745,103,3,3,0
20260903T221553-0300_97908aa0,2026-09-03T22:48:29.157-03:00,752,746,6,0,0,752,104,3,3,0
20260903T221553-0300_97908aa0,2026-09-03T22:49:35.173-03:00,765,758,7,0,0,765,105,4,5,0
20260903T221553-0300_97908aa0,2026-09-03T22:51:11.641-03:00,785,777,8,0,0,785,106,6,7,0
20260903T221553-0300_97908aa0,2026-09-03T22:51:41.434-03:00,792,784,8,0,0,792,107,6,7,0
20260903T221553-0300_97908aa0,2026-09-03T22:52:11.202-03:00,799,791,8,0,0,799,108,6,7,0
20260903T221553-0300_97908aa0,2026-09-03T22:52:40.991-03:00,806,798,8,0,0,806,109,6,7,0
20260903T221553-0300_97908aa0,2026-09-03T22:53:10.800-03:00,813,805,8,0,0,813,110,6,7,0
20260903T221553-0300_97908aa0,2026-09-03T22:53:40.670-03:00,820,812,8,0,0,820,111,6,7,0
20260903T221553-0300_97908aa0,2026-09-03T22:54:10.716-03:00,827,819,8,0,0,827,112,6,7,0
20260903T221553-0300_97908aa0,2026-09-03T22:54:40.525-03:00,834,826,8,0,0,834,113,6,7,0
20260903T221553-0300_97908aa0,2026-09-03T22:55:10.416-03:00,841,833,8,0,0,841,114,6,7,0
20260903T221553-0300_97908aa0,2026-09-03T22:55:40.512-03:00,848,840,8,0,0,848,115,6,7,0
20260903T221553-0300_97908aa0,2026-09-03T22:56:10.400-03:00,855,847,8,0,0,855,116,6,7,0
20260903T221553-0300_97908aa0,2026-09-03T22:56:40.319-03:00,862,854,8,0,0,862,117,6,7,0
20260903T221553-0300_97908aa0,2026-09-03T22:57:10.143-03:00,869,861,8,0,0,869,118,6,7,0
20260903T221553-0300_97908aa0,2026-09-03T22:57:39.940-03:00,876,868,8,0,0,876,119,6,7,0
20260903T221553-0300_97908aa0,2026-09-03T22:58:09.762-03:00,883,875,8,0,0,883,120,6,7,0
20260903T221553-0300_97908aa0,2026-09-03T22:58:39.553-03:00,890,882,8,0,0,890,121,6,7,0
20260903T221553-0300_97908aa0,2026-09-03T22:59:09.383-03:00,897,889,8,0,0,897,122,6,7,0
20260903T221553-0300_97908aa0,2026-09-03T22:59:39.144-03:00,904,896,8,0,0,904,123,6,7,0
20260903T221553-0300_97908aa0,2026-09-03T23:00:08.996-03:00,911,903,8,0,0,911,124,6,7,0
20260903T221553-0300_97908aa0,2026-09-03T23:00:39.003-03:00,918,910,8,0,0,918,125,6,7,0
20260903T221553-0300_97908aa0,2026-09-03T23:01:08.815-03:00,925,917,8,0,0,925,126,6,7,0
20260903T221553-0300_97908aa0,2026-09-03T23:01:38.709-03:00,932,924,8,0,0,932,127,6,7,0
20260903T221553-0300_97908aa0,2026-09-03T23:02:08.519-03:00,939,931,8,0,0,939,128,6,7,0
20260903T221553-0300_97908aa0,2026-09-03T23:02:38.306-03:00,946,938,8,0,0,946,129,6,7,0
20260903T221553-0300_97908aa0,2026-09-03T23:03:08.065-03:00,953,945,8,0,0,953,130,6,7,0
20260903T221553-0300_97908aa0,2026-09-03T23:03:37.859-03:00,960,952,8,0,0,960,131,6,7,0
20260903T221553-0300_97908aa0,2026-09-03T23:04:07.611-03:00,967,959,8,0,0,967,132,6,7,0
20260903T221553-0300_97908aa0,2026-09-03T23:04:37.401-03:00,974,966,8,0,0,974,133,6,7,0
20260903T221553-0300_97908aa0,2026-09-03T23:05:07.153-03:00,981,973,8,0,0,981,134,6,7,0
20260903T221553-0300_97908aa0,2026-09-03T23:05:36.919-03:00,988,980,8,0,0,988,135,6,7,0
20260903T221553-0300_97908aa0,2026-09-03T23:06:06.716-03:00,995,987,8,0,0,995,136,6,7,0
20260903T221553-0300_97908aa0,2026-09-03T23:06:36.494-03:00,1002,994,8,0,0,1002,137,6,7,0
20260903T221553-0300_97908aa0,2026-09-03T23:07:06.270-03:00,1009,1001,8,0,0,1009,138,6,7,0
20260903T221553-0300_97908aa0,2026-09-03T23:07:36.023-03:00,1016,1008,8,0,0,1016,139,6,7,0
20260903T221553-0300_97908aa0,2026-09-03T23:08:05.765-03:00,1023,1015,8,0,0,1023,140,6,7,0
20260903T221553-0300_97908aa0,2026-09-03T23:08:35.616-03:00,1030,1022,8,0,0,1030,141,6,7,0
20260903T221553-0300_97908aa0,2026-09-03T23:09:05.400-03:00,1037,1029,8,0,0,1037,142,6,7,0
20260903T221553-0300_97908aa0,2026-09-03T23:09:35.191-03:00,1044,1036,8,0,0,1044,143,6,7,0
20260903T221553-0300_97908aa0,2026-09-03T23:10:04.974-03:00,1051,1043,8,0,0,1051,144,6,7,0
20260903T221553-0300_97908aa0,2026-09-03T23:10:34.749-03:00,1058,1050,8,0,0,1058,145,6,7,0
20260903T221553-0300_97908aa0,2026-09-03T23:11:04.508-03:00,1065,1057,8,0,0,1065,146,6,7,0
20260903T221553-0300_97908aa0,2026-09-03T23:11:34.565-03:00,1072,1064,8,0,0,1072,147,6,7,0
20260903T221553-0300_97908aa0,2026-09-03T23:12:04.365-03:00,1079,1071,8,0,0,1079,148,6,7,0
20260903T221553-0300_97908aa0,2026-09-03T23:12:34.490-03:00,1087,1078,9,0,0,1087,149,6,7,0
20260903T221553-0300_97908aa0,2026-09-03T23:13:04.298-03:00,1094,1085,9,0,0,1094,150,6,7,0
20260903T221553-0300_97908aa0,2026-09-03T23:13:34.078-03:00,1101,1092,9,0,0,1101,151,6,7,0
20260903T221553-0300_97908aa0,2026-09-03T23:14:03.839-03:00,1108,1099,9,0,0,1108,152,6,7,0
20260903T221553-0300_97908aa0,2026-09-03T23:14:33.612-03:00,1115,1106,9,0,0,1115,153,6,7,0
20260903T221553-0300_97908aa0,2026-09-03T23:15:03.390-03:00,1122,1113,9,0,0,1122,154,6,7,0
20260903T221553-0300_97908aa0,2026-09-03T23:15:33.190-03:00,1129,1120,9,0,0,1129,155,6,7,0
20260903T221553-0300_97908aa0,2026-09-03T23:16:03.008-03:00,1136,1127,9,0,0,1136,156,6,7,0
20260903T221553-0300_97908aa0,2026-09-03T23:16:32.846-03:00,1143,1134,9,0,0,1143,157,6,7,0
20260903T221553-0300_97908aa0,2026-09-03T23:17:02.688-03:00,1150,1141,9,0,0,1150,158,6,7,0
20260903T221553-0300_97908aa0,2026-09-03T23:17:32.483-03:00,1157,1148,9,0,0,1157,159,6,7,0
20260903T221553-0300_97908aa0,2026-09-03T23:18:02.267-03:00,1164,1155,9,0,0,1164,160,6,7,0
20260903T221553-0300_97908aa0,2026-09-03T23:18:32.024-03:00,1171,1162,9,0,0,1171,161,6,7,0
20260903T221553-0300_97908aa0,2026-09-03T23:19:01.847-03:00,1178,1169,9,0,0,1178,162,6,7,0
20260903T221553-0300_97908aa0,2026-09-03T23:19:31.661-03:00,1185,1176,9,0,0,1185,163,6,7,0
20260903T221553-0300_97908aa0,2026-09-03T23:20:01.475-03:00,1192,1183,9,0,0,1192,164,6,7,0
20260903T221553-0300_97908aa0,2026-09-03T23:20:31.241-03:00,1199,1190,9,0,0,1199,165,6,7,0
20260903T221553-0300_97908aa0,2026-09-03T23:21:01.011-03:00,1206,1197,9,0,0,1206,166,6,7,0
20260903T221553-0300_97908aa0,2026-09-03T23:21:30.772-03:00,1213,1204,9,0,0,1213,167,6,7,0
20260904T091350-0300_444e0683,2026-09-04T09:14:15.313-03:00,112,112,0,0,0,112,16,0,0,0
20260904T091350-0300_444e0683,2026-09-04T09:14:45.042-03:00,119,119,0,0,0,119,17,0,0,0
20260904T091350-0300_444e0683,2026-09-04T09:15:14.774-03:00,126,126,0,0,0,126,18,0,0,0
20260904T091350-0300_444e0683,2026-09-04T09:15:44.506-03:00,133,133,0,0,0,133,19,0,0,0
20260904T091350-0300_444e0683,2026-09-04T09:16:14.239-03:00,140,140,0,0,0,140,20,0,0,0
20260904T091350-0300_444e0683,2026-09-04T09:16:43.965-03:00,147,147,0,0,0,147,21,0,0,0
20260904T091350-0300_444e0683,2026-09-04T09:17:13.706-03:00,154,154,0,0,0,154,22,0,0,0
20260904T091350-0300_444e0683,2026-09-04T09:17:43.435-03:00,161,161,0,0,0,161,23,0,0,0
20260904T091350-0300_444e0683,2026-09-04T09:18:13.169-03:00,168,168,0,0,0,168,24,0,0,0
20260904T091350-0300_444e0683,2026-09-04T09:18:42.896-03:00,175,175,0,0,0,175,25,0,0,0
20260904T091350-0300_444e0683,2026-09-04T09:19:12.621-03:00,182,182,0,0,0,182,26,0,0,0
20260904T091350-0300_444e0683,2026-09-04T09:19:42.346-03:00,189,189,0,0,0,189,27,0,0,0
20260904T091350-0300_444e0683,2026-09-04T09:20:12.071-03:00,196,196,0,0,0,196,28,0,0,0
20260904T091350-0300_444e0683,2026-09-04T09:20:41.795-03:00,203,203,0,0,0,203,29,0,0,0
20260904T091350-0300_444e0683,2026-09-04T09:21:11.524-03:00,210,210,0,0,0,210,30,0,0,0
20260904T091350-0300_444e0683,2026-09-04T09:21:41.253-03:00,217,217,0,0,0,217,31,0,0,0
20260904T091350-0300_444e0683,2026-09-04T09:22:10.977-03:00,224,224,0,0,0,224,32,0,0,0
20260904T091350-0300_444e0683,2026-09-04T09:22:40.719-03:00,231,231,0,0,0,231,33,0,0,0
20260904T091350-0300_444e0683,2026-09-04T09:23:10.465-03:00,238,238,0,0,0,238,34,0,0,0
20260904T091350-0300_444e0683,2026-09-04T09:23:40.216-03:00,245,245,0,0,0,245,35,0,0,0
20260904T091350-0300_444e0683,2026-09-04T09:24:09.953-03:00,252,252,0,0,0,252,36,0,0,0
20260904T091350-0300_444e0683,2026-09-04T09:24:39.688-03:00,259,259,0,0,0,259,37,0,0,0
20260904T091350-0300_444e0683,2026-09-04T09:25:09.411-03:00,266,266,0,0,0,266,38,0,0,0
20260904T091350-0300_444e0683,2026-09-04T09:25:39.142-03:00,273,273,0,0,0,273,39,0,0,0
20260904T091350-0300_444e0683,2026-09-04T09:26:08.873-03:00,280,280,0,0,0,280,40,0,0,0
20260904T091350-0300_444e0683,2026-09-04T09:26:38.605-03:00,287,287,0,0,0,287,41,0,0,0
20260904T091350-0300_444e0683,2026-09-04T09:27:08.335-03:00,294,294,0,0,0,294,42,0,0,0
20260904T091350-0300_444e0683,2026-09-04T09:27:38.069-03:00,301,301,0,0,0,301,43,0,0,0
20260904T091350-0300_444e0683,2026-09-04T09:28:07.801-03:00,308,308,0,0,0,308,44,0,0,0
20260904T091350-0300_444e0683,2026-09-04T09:28:37.538-03:00,315,315,0,0,0,315,45,0,0,0
20260904T091350-0300_444e0683,2026-09-04T09:29:07.275-03:00,322,322,0,0,0,322,46,0,0,0
20260904T091350-0300_444e0683,2026-09-04T09:29:37.012-03:00,329,329,0,0,0,329,47,0,0,0
20260904T091350-0300_444e0683,2026-09-04T09:30:07.194-03:00,336,336,0,0,0,336,48,0,0,0
20260904T091350-0300_444e0683,2026-09-04T09:44:25.207-03:00,349,348,1,0,0,349,49,3,135,0
20260904T091350-0300_444e0683,2026-09-04T09:44:54.940-03:00,356,355,1,0,0,356,50,3,135,0
20260904T091350-0300_444e0683,2026-09-04T09:45:24.661-03:00,363,362,1,0,0,363,51,3,135,0
20260904T091350-0300_444e0683,2026-09-04T09:45:54.384-03:00,370,369,1,0,0,370,52,3,135,0
20260904T091350-0300_444e0683,2026-09-04T09:46:24.116-03:00,377,376,1,0,0,377,53,3,135,0
20260904T091350-0300_444e0683,2026-09-04T09:46:53.849-03:00,384,383,1,0,0,384,54,3,135,0
20260904T091350-0300_444e0683,2026-09-04T09:47:23.587-03:00,391,390,1,0,0,391,55,3,135,0
20260904T091350-0300_444e0683,2026-09-04T09:47:53.312-03:00,398,397,1,0,0,398,56,3,135,0
20260904T091350-0300_444e0683,2026-09-04T09:48:23.040-03:00,405,404,1,0,0,405,57,3,135,0
20260904T091350-0300_444e0683,2026-09-04T09:48:52.776-03:00,412,411,1,0,0,412,58,3,135,0
20260904T091350-0300_444e0683,2026-09-04T09:49:22.508-03:00,419,418,1,0,0,419,59,3,135,0
20260904T091350-0300_444e0683,2026-09-04T09:49:52.240-03:00,426,425,1,0,0,426,60,3,135,0
20260904T091350-0300_444e0683,2026-09-04T09:50:21.973-03:00,433,432,1,0,0,433,61,3,135,0
20260904T091350-0300_444e0683,2026-09-04T09:50:51.705-03:00,440,439,1,0,0,440,62,3,135,0
20260904T091350-0300_444e0683,2026-09-04T09:51:21.435-03:00,447,446,1,0,0,447,63,3,135,0
20260904T091350-0300_444e0683,2026-09-04T09:51:51.166-03:00,454,453,1,0,0,454,64,3,135,0
20260904T091350-0300_444e0683,2026-09-04T09:52:20.899-03:00,461,460,1,0,0,461,65,3,135,0
20260904T091350-0300_444e0683,2026-09-04T09:52:50.630-03:00,468,467,1,0,0,468,66,3,135,0
20260904T091350-0300_444e0683,2026-09-04T10:07:52.212-03:00,475,474,1,0,0,475,67,3,282,0
20260904T091350-0300_444e0683,2026-09-04T10:08:21.879-03:00,482,481,1,0,0,482,68,3,282,0
20260904T091350-0300_444e0683,2026-09-04T10:08:51.593-03:00,489,488,1,0,0,489,69,3,282,0
20260904T091350-0300_444e0683,2026-09-04T10:09:21.359-03:00,496,495,1,0,0,496,70,3,282,0
20260904T091350-0300_444e0683,2026-09-04T10:09:51.101-03:00,503,502,1,0,0,503,71,3,282,0
20260904T091350-0300_444e0683,2026-09-04T10:10:21.137-03:00,510,509,1,0,0,510,72,3,282,0
20260904T091350-0300_444e0683,2026-09-04T10:10:50.902-03:00,517,516,1,0,0,517,73,3,282,0
20260904T091350-0300_444e0683,2026-09-04T10:11:20.636-03:00,524,523,1,0,0,524,74,3,282,0
20260904T091350-0300_444e0683,2026-09-04T10:11:50.367-03:00,531,530,1,0,0,531,75,3,282,0
20260904T091350-0300_444e0683,2026-09-04T10:12:20.089-03:00,538,537,1,0,0,538,76,3,282,0
20260904T091350-0300_444e0683,2026-09-04T10:12:49.823-03:00,545,544,1,0,0,545,77,3,282,0
20260904T091350-0300_444e0683,2026-09-04T10:13:19.733-03:00,552,551,1,0,0,552,78,3,282,0
20260904T091350-0300_444e0683,2026-09-04T10:13:49.628-03:00,559,558,1,0,0,559,79,3,282,0
20260904T091350-0300_444e0683,2026-09-04T10:14:19.831-03:00,566,565,1,0,0,566,80,3,282,0
20260904T091350-0300_444e0683,2026-09-04T10:14:49.592-03:00,573,572,1,0,0,573,81,3,282,0
20260904T091350-0300_444e0683,2026-09-04T10:15:19.398-03:00,580,579,1,0,0,580,82,3,282,0
20260904T091350-0300_444e0683,2026-09-04T10:15:49.602-03:00,587,586,1,0,0,587,83,3,282,0
20260904T091350-0300_444e0683,2026-09-04T10:16:19.383-03:00,594,593,1,0,0,594,84,3,282,0
20260904T091350-0300_444e0683,2026-09-04T10:16:49.112-03:00,601,600,1,0,0,601,85,3,282,0
20260904T091350-0300_444e0683,2026-09-04T10:17:21.529-03:00,608,607,1,0,0,608,86,3,282,0
20260904T091350-0300_444e0683,2026-09-04T10:17:53.241-03:00,615,614,1,0,0,615,87,3,282,0
20260904T091350-0300_444e0683,2026-09-04T10:18:23.710-03:00,622,621,1,0,0,622,88,3,282,0
20260904T091350-0300_444e0683,2026-09-04T10:18:53.493-03:00,629,628,1,0,0,629,89,3,282,0
20260904T091350-0300_444e0683,2026-09-04T10:19:23.357-03:00,636,635,1,0,0,636,90,3,282,0
20260904T091350-0300_444e0683,2026-09-04T10:19:52.984-03:00,643,642,1,0,0,643,91,3,282,0
20260904T091350-0300_444e0683,2026-09-04T10:20:22.724-03:00,650,649,1,0,0,650,92,3,282,0
20260904T091350-0300_444e0683,2026-09-04T10:20:52.477-03:00,657,656,1,0,0,657,93,3,282,0
20260904T091350-0300_444e0683,2026-09-04T10:21:22.209-03:00,664,663,1,0,0,664,94,3,282,0
20260904T091350-0300_444e0683,2026-09-04T10:21:51.949-03:00,671,670,1,0,0,671,95,3,282,0
20260904T091350-0300_444e0683,2026-09-04T10:22:21.785-03:00,678,677,1,0,0,678,96,3,282,0
20260904T091350-0300_444e0683,2026-09-04T10:22:51.523-03:00,685,684,1,0,0,685,97,3,282,0
20260904T091350-0300_444e0683,2026-09-04T10:23:21.270-03:00,692,691,1,0,0,692,98,3,282,0
20260904T091350-0300_444e0683,2026-09-04T10:23:51.018-03:00,699,698,1,0,0,699,99,3,282,0
20260904T091350-0300_444e0683,2026-09-04T10:24:21.133-03:00,706,705,1,0,0,706,100,3,282,0
20260904T091350-0300_444e0683,2026-09-04T10:24:50.909-03:00,713,712,1,0,0,713,101,3,282,0
20260904T091350-0300_444e0683,2026-09-04T10:25:20.637-03:00,720,719,1,0,0,720,102,3,282,0
20260904T091350-0300_444e0683,2026-09-04T10:25:50.365-03:00,727,726,1,0,0,727,103,3,282,0
20260904T091350-0300_444e0683,2026-09-04T10:26:20.108-03:00,734,733,1,0,0,734,104,3,282,0
20260904T091350-0300_444e0683,2026-09-04T10:26:49.842-03:00,741,740,1,0,0,741,105,3,282,0
20260904T091350-0300_444e0683,2026-09-04T10:27:19.573-03:00,748,747,1,0,0,748,106,3,282,0
20260904T091350-0300_444e0683,2026-09-04T10:27:49.310-03:00,755,754,1,0,0,755,107,3,282,0
20260904T091350-0300_444e0683,2026-09-04T10:28:19.037-03:00,762,761,1,0,0,762,108,3,282,0
20260904T091350-0300_444e0683,2026-09-04T10:28:48.775-03:00,769,768,1,0,0,769,109,3,282,0
20260904T091350-0300_444e0683,2026-09-04T10:29:18.505-03:00,776,775,1,0,0,776,110,3,282,0
20260904T091350-0300_444e0683,2026-09-04T10:29:48.244-03:00,783,782,1,0,0,783,111,3,282,0
20260904T091350-0300_444e0683,2026-09-04T10:30:17.973-03:00,790,789,1,0,0,790,112,3,282,0
20260904T091350-0300_444e0683,2026-09-04T10:30:47.701-03:00,797,796,1,0,0,797,113,3,282,0
20260904T091350-0300_444e0683,2026-09-04T10:31:17.436-03:00,804,803,1,0,0,804,114,3,282,0
20260904T091350-0300_444e0683,2026-09-04T10:31:47.171-03:00,811,810,1,0,0,811,115,3,282,0
20260904T091350-0300_444e0683,2026-09-04T10:32:16.910-03:00,818,817,1,0,0,818,116,3,282,0
20260904T091350-0300_444e0683,2026-09-04T10:32:46.635-03:00,825,824,1,0,0,825,117,3,282,0
20260904T091350-0300_444e0683,2026-09-04T10:33:16.368-03:00,832,831,1,0,0,832,118,3,282,0
20260904T091350-0300_444e0683,2026-09-04T10:35:50.216-03:00,843,841,2,0,0,843,119,5,300,0
20260904T091350-0300_444e0683,2026-09-04T10:36:21.300-03:00,850,848,2,0,0,850,120,5,300,0
20260904T091350-0300_444e0683,2026-09-04T10:37:29.916-03:00,859,857,2,0,0,859,121,6,305,0
20260904T091350-0300_444e0683,2026-09-04T10:41:35.036-03:00,894,890,4,0,0,894,122,12,321,0
20260904T091350-0300_444e0683,2026-09-04T10:42:04.772-03:00,901,897,4,0,0,901,123,12,321,0
20260904T091350-0300_444e0683,2026-09-04T10:42:34.500-03:00,908,904,4,0,0,908,124,12,321,0
20260904T091350-0300_444e0683,2026-09-04T10:43:04.298-03:00,915,911,4,0,0,915,125,12,321,0
20260904T091350-0300_444e0683,2026-09-04T10:43:33.973-03:00,922,918,4,0,0,922,126,12,321,0
20260904T091350-0300_444e0683,2026-09-04T10:44:03.705-03:00,929,925,4,0,0,929,127,12,321,0
20260904T091350-0300_444e0683,2026-09-04T10:44:33.483-03:00,936,932,4,0,0,936,128,12,321,0
20260904T091350-0300_444e0683,2026-09-04T10:45:03.231-03:00,943,939,4,0,0,943,129,12,321,0
20260904T091350-0300_444e0683,2026-09-04T10:45:32.971-03:00,950,946,4,0,0,950,130,12,321,0
20260904T091350-0300_444e0683,2026-09-04T10:46:02.698-03:00,957,953,4,0,0,957,131,12,321,0
20260904T091350-0300_444e0683,2026-09-04T10:46:32.456-03:00,964,960,4,0,0,964,132,12,321,0
20260904T091350-0300_444e0683,2026-09-04T10:47:02.201-03:00,971,967,4,0,0,971,133,12,321,0
20260904T091350-0300_444e0683,2026-09-04T10:47:31.938-03:00,978,974,4,0,0,978,134,12,321,0
20260904T091350-0300_444e0683,2026-09-04T10:48:01.667-03:00,985,981,4,0,0,985,135,12,321,0
20260904T091350-0300_444e0683,2026-09-04T10:48:31.403-03:00,992,988,4,0,0,992,136,12,321,0
20260904T091350-0300_444e0683,2026-09-04T10:49:01.137-03:00,999,995,4,0,0,999,137,12,321,0
20260904T091350-0300_444e0683,2026-09-04T10:49:30.871-03:00,1006,1002,4,0,0,1006,138,12,321,0
20260904T091350-0300_444e0683,2026-09-04T10:50:00.603-03:00,1013,1009,4,0,0,1013,139,12,321,0
20260904T091350-0300_444e0683,2026-09-04T10:50:30.336-03:00,1020,1016,4,0,0,1020,140,12,321,0
20260904T091350-0300_444e0683,2026-09-04T10:51:00.060-03:00,1027,1023,4,0,0,1027,141,12,321,0
20260904T091350-0300_444e0683,2026-09-04T10:51:29.790-03:00,1034,1030,4,0,0,1034,142,12,321,0
20260904T091350-0300_444e0683,2026-09-04T10:51:59.524-03:00,1041,1037,4,0,0,1041,143,12,321,0
20260904T091350-0300_444e0683,2026-09-04T10:52:29.261-03:00,1048,1044,4,0,0,1048,144,12,321,0
20260904T091350-0300_444e0683,2026-09-04T10:52:58.990-03:00,1055,1051,4,0,0,1055,145,12,321,0
20260904T091350-0300_444e0683,2026-09-04T10:53:28.729-03:00,1062,1058,4,0,0,1062,146,12,321,0
20260904T091350-0300_444e0683,2026-09-04T10:53:58.463-03:00,1069,1065,4,0,0,1069,147,12,321,0
20260904T091350-0300_444e0683,2026-09-04T10:54:28.199-03:00,1076,1072,4,0,0,1076,148,12,321,0
20260904T091350-0300_444e0683,2026-09-04T10:54:57.938-03:00,1083,1079,4,0,0,1083,149,12,321,0
20260904T091350-0300_444e0683,2026-09-04T10:55:27.712-03:00,1090,1086,4,0,0,1090,150,12,321,0
20260904T091350-0300_444e0683,2026-09-04T10:55:57.484-03:00,1097,1093,4,0,0,1097,151,12,321,0
20260904T091350-0300_444e0683,2026-09-04T10:56:27.224-03:00,1104,1100,4,0,0,1104,152,12,321,0
20260904T091350-0300_444e0683,2026-09-04T10:56:56.962-03:00,1111,1107,4,0,0,1111,153,12,321,0
20260904T091350-0300_444e0683,2026-09-04T10:57:26.699-03:00,1118,1114,4,0,0,1118,154,12,321,0
20260904T091350-0300_444e0683,2026-09-04T10:57:56.436-03:00,1125,1121,4,0,0,1125,155,12,321,0
20260904T091350-0300_444e0683,2026-09-04T10:58:26.173-03:00,1132,1128,4,0,0,1132,156,12,321,0
20260904T091350-0300_444e0683,2026-09-04T10:58:55.918-03:00,1139,1135,4,0,0,1139,157,12,321,0
20260904T091350-0300_444e0683,2026-09-04T10:59:25.655-03:00,1146,1142,4,0,0,1146,158,12,321,0
20260904T091350-0300_444e0683,2026-09-04T10:59:55.399-03:00,1153,1149,4,0,0,1153,159,12,321,0
20260904T091350-0300_444e0683,2026-09-04T11:00:25.147-03:00,1160,1156,4,0,0,1160,160,12,321,0
20260904T091350-0300_444e0683,2026-09-04T11:00:54.886-03:00,1167,1163,4,0,0,1167,161,12,321,0
20260904T091350-0300_444e0683,2026-09-04T11:01:24.622-03:00,1174,1170,4,0,0,1174,162,12,321,0
20260904T091350-0300_444e0683,2026-09-04T11:01:54.359-03:00,1181,1177,4,0,0,1181,163,12,321,0
20260904T091350-0300_444e0683,2026-09-04T11:02:24.100-03:00,1188,1184,4,0,0,1188,164,12,321,0
20260904T091350-0300_444e0683,2026-09-04T11:02:53.846-03:00,1195,1191,4,0,0,1195,165,12,321,0
20260904T091350-0300_444e0683,2026-09-04T11:03:23.578-03:00,1202,1198,4,0,0,1202,166,12,321,0
20260904T091350-0300_444e0683,2026-09-04T11:03:53.310-03:00,1209,1205,4,0,0,1209,167,12,321,0
20260904T091350-0300_444e0683,2026-09-04T11:04:23.037-03:00,1216,1212,4,0,0,1216,168,12,321,0
20260904T091350-0300_444e0683,2026-09-04T11:04:52.774-03:00,1223,1219,4,0,0,1223,169,12,321,0
20260904T091350-0300_444e0683,2026-09-04T11:05:22.510-03:00,1230,1226,4,0,0,1230,170,12,321,0
20260904T091350-0300_444e0683,2026-09-04T11:05:52.239-03:00,1237,1233,4,0,0,1237,171,12,321,0
20260904T091350-0300_444e0683,2026-09-04T11:06:21.978-03:00,1244,1240,4,0,0,1244,172,12,321,0
20260904T091350-0300_444e0683,2026-09-04T11:06:51.720-03:00,1251,1247,4,0,0,1251,173,12,321,0
20260904T091350-0300_444e0683,2026-09-04T11:07:21.452-03:00,1258,1254,4,0,0,1258,174,12,321,0
20260904T091350-0300_444e0683,2026-09-04T11:07:51.184-03:00,1265,1261,4,0,0,1265,175,12,321,0
20260904T091350-0300_444e0683,2026-09-04T11:08:20.927-03:00,1272,1268,4,0,0,1272,176,12,321,0
20260904T091350-0300_444e0683,2026-09-04T11:08:50.666-03:00,1279,1275,4,0,0,1279,177,12,321,0
20260904T091350-0300_444e0683,2026-09-04T11:09:20.413-03:00,1286,1282,4,0,0,1286,178,12,321,0
20260904T091350-0300_444e0683,2026-09-04T11:09:50.154-03:00,1293,1289,4,0,0,1293,179,12,321,0
20260904T091350-0300_444e0683,2026-09-04T11:10:19.893-03:00,1300,1296,4,0,0,1300,180,12,321,0
20260904T091350-0300_444e0683,2026-09-04T11:10:49.647-03:00,1307,1303,4,0,0,1307,181,12,321,0
20260904T091350-0300_444e0683,2026-09-04T11:11:19.379-03:00,1314,1310,4,0,0,1314,182,12,321,0
20260904T091350-0300_444e0683,2026-09-04T11:11:49.121-03:00,1321,1317,4,0,0,1321,183,12,321,0
20260909T101028-0300_67ae29a4,2026-09-09T10:10:40.306-03:00,14,14,0,0,0,14,2,0,0,0
20260909T101028-0300_67ae29a4,2026-09-09T10:11:10.030-03:00,21,21,0,0,0,21,3,0,0,0
20260909T101028-0300_67ae29a4,2026-09-09T10:11:39.753-03:00,28,28,0,0,0,28,4,0,0,0
20260909T101028-0300_67ae29a4,2026-09-09T10:12:09.480-03:00,35,35,0,0,0,35,5,0,0,0
20260909T101028-0300_67ae29a4,2026-09-09T10:12:39.234-03:00,42,42,0,0,0,42,6,0,0,0
20260909T101028-0300_67ae29a4,2026-09-09T10:13:08.934-03:00,49,49,0,0,0,49,7,0,0,0
20260909T101028-0300_67ae29a4,2026-09-09T10:13:38.664-03:00,56,56,0,0,0,56,8,0,0,0
20260909T101028-0300_67ae29a4,2026-09-09T10:14:08.386-03:00,63,63,0,0,0,63,9,0,0,0
20260909T101028-0300_67ae29a4,2026-09-09T10:14:38.115-03:00,70,70,0,0,0,70,10,0,0,0
20260909T101028-0300_67ae29a4,2026-09-09T10:15:07.973-03:00,77,77,0,0,0,77,11,0,0,0
20260909T101028-0300_67ae29a4,2026-09-09T10:15:37.577-03:00,84,84,0,0,0,84,12,0,0,0
20260909T101028-0300_67ae29a4,2026-09-09T10:16:07.312-03:00,91,91,0,0,0,91,13,0,0,0
20260909T101028-0300_67ae29a4,2026-09-09T10:16:37.043-03:00,98,98,0,0,0,98,14,0,0,0
20260909T101028-0300_67ae29a4,2026-09-09T10:17:06.786-03:00,105,105,0,0,0,105,15,0,0,0
20260909T101028-0300_67ae29a4,2026-09-09T10:17:36.510-03:00,112,112,0,0,0,112,16,0,0,0
20260909T101028-0300_67ae29a4,2026-09-09T10:18:06.248-03:00,119,119,0,0,0,119,17,0,0,0
20260909T101028-0300_67ae29a4,2026-09-09T10:18:35.969-03:00,126,126,0,0,0,126,18,0,0,0
20260909T101028-0300_67ae29a4,2026-09-09T10:19:05.713-03:00,133,133,0,0,0,133,19,0,0,0
20260909T101028-0300_67ae29a4,2026-09-09T10:19:35.438-03:00,140,140,0,0,0,140,20,0,0,0
20260909T101028-0300_67ae29a4,2026-09-09T10:20:05.165-03:00,147,147,0,0,0,147,21,0,0,0
20260909T101028-0300_67ae29a4,2026-09-09T10:20:34.894-03:00,154,154,0,0,0,154,22,0,0,0
20260909T101028-0300_67ae29a4,2026-09-09T10:21:04.631-03:00,161,161,0,0,0,161,23,0,0,0
20260909T101028-0300_67ae29a4,2026-09-09T10:21:34.356-03:00,168,168,0,0,0,168,24,0,0,0
20260909T101028-0300_67ae29a4,2026-09-09T10:22:04.079-03:00,175,175,0,0,0,175,25,0,0,0
20260909T101028-0300_67ae29a4,2026-09-09T10:22:33.816-03:00,182,182,0,0,0,182,26,0,0,0
20260909T101028-0300_67ae29a4,2026-09-09T10:23:03.543-03:00,189,189,0,0,0,189,27,0,0,0
20260909T101028-0300_67ae29a4,2026-09-09T10:23:33.265-03:00,196,196,0,0,0,196,28,0,0,0
20260909T101028-0300_67ae29a4,2026-09-09T10:24:03.001-03:00,203,203,0,0,0,203,29,0,0,0
20260909T101028-0300_67ae29a4,2026-09-09T10:24:32.727-03:00,210,210,0,0,0,210,30,0,0,0
20260909T101028-0300_67ae29a4,2026-09-09T10:25:02.469-03:00,217,217,0,0,0,217,31,0,0,0
20260909T101028-0300_67ae29a4,2026-09-09T10:25:32.204-03:00,224,224,0,0,0,224,32,0,0,0
20260909T101028-0300_67ae29a4,2026-09-09T10:26:01.927-03:00,231,231,0,0,0,231,33,0,0,0
20260909T101028-0300_67ae29a4,2026-09-09T10:26:31.673-03:00,238,238,0,0,0,238,34,0,0,0
20260909T101028-0300_67ae29a4,2026-09-09T10:27:01.444-03:00,245,245,0,0,0,245,35,0,0,0
20260909T101028-0300_67ae29a4,2026-09-09T10:27:31.145-03:00,252,252,0,0,0,252,36,0,0,0
20260909T101028-0300_67ae29a4,2026-09-09T10:28:00.868-03:00,259,259,0,0,0,259,37,0,0,0
20260909T101028-0300_67ae29a4,2026-09-09T10:28:30.591-03:00,266,266,0,0,0,266,38,0,0,0
20260909T101028-0300_67ae29a4,2026-09-09T10:29:00.320-03:00,273,273,0,0,0,273,39,0,0,0
20260909T101028-0300_67ae29a4,2026-09-09T10:29:30.181-03:00,280,280,0,0,0,280,40,0,0,0
20260909T101028-0300_67ae29a4,2026-09-09T10:29:59.787-03:00,287,287,0,0,0,287,41,0,0,0
20260909T101028-0300_67ae29a4,2026-09-09T10:30:29.517-03:00,294,294,0,0,0,294,42,0,0,0
20260909T101028-0300_67ae29a4,2026-09-09T10:32:28.444-03:00,322,322,0,0,0,322,46,0,0,0
20260909T101028-0300_67ae29a4,2026-09-09T10:32:58.180-03:00,329,329,0,0,0,329,47,0,0,0
20260909T101028-0300_67ae29a4,2026-09-09T10:33:27.927-03:00,336,336,0,0,0,336,48,0,0,0
20260909T101028-0300_67ae29a4,2026-09-09T10:33:57.652-03:00,343,343,0,0,0,343,49,0,0,0
20260909T101028-0300_67ae29a4,2026-09-09T10:34:27.388-03:00,350,350,0,0,0,350,50,0,0,0
20260909T101028-0300_67ae29a4,2026-09-09T10:34:57.118-03:00,357,357,0,0,0,357,51,0,0,0
20260909T101028-0300_67ae29a4,2026-09-09T10:35:26.857-03:00,364,364,0,0,0,364,52,0,0,0
20260909T101028-0300_67ae29a4,2026-09-09T10:35:56.591-03:00,371,371,0,0,0,371,53,0,0,0
20260909T101028-0300_67ae29a4,2026-09-09T10:36:26.316-03:00,378,378,0,0,0,378,54,0,0,0
20260909T101028-0300_67ae29a4,2026-09-09T10:36:56.039-03:00,385,385,0,0,0,385,55,0,0,0
20260909T101028-0300_67ae29a4,2026-09-09T10:37:25.770-03:00,392,392,0,0,0,392,56,0,0,0
20260909T101028-0300_67ae29a4,2026-09-09T10:37:55.523-03:00,399,399,0,0,0,399,57,0,0,0
20260909T101028-0300_67ae29a4,2026-09-09T10:38:25.255-03:00,406,406,0,0,0,406,58,0,0,0
20260909T101028-0300_67ae29a4,2026-09-09T10:38:54.983-03:00,413,413,0,0,0,413,59,0,0,0
20260909T101028-0300_67ae29a4,2026-09-09T10:39:24.707-03:00,420,420,0,0,0,420,60,0,0,0
20260909T101028-0300_67ae29a4,2026-09-09T10:39:54.433-03:00,427,427,0,0,0,427,61,0,0,0
20260909T101028-0300_67ae29a4,2026-09-09T10:40:24.159-03:00,434,434,0,0,0,434,62,0,0,0
20260909T101028-0300_67ae29a4,2026-09-09T10:40:53.885-03:00,441,441,0,0,0,441,63,0,0,0
20260909T101028-0300_67ae29a4,2026-09-09T10:41:23.612-03:00,448,448,0,0,0,448,64,0,0,0
20260909T101028-0300_67ae29a4,2026-09-09T10:41:53.353-03:00,455,455,0,0,0,455,65,0,0,0
20260909T101028-0300_67ae29a4,2026-09-09T10:42:23.079-03:00,462,462,0,0,0,462,66,0,0,0
20260909T101028-0300_67ae29a4,2026-09-09T10:42:52.802-03:00,469,469,0,0,0,469,67,0,0,0
20260909T101028-0300_67ae29a4,2026-09-09T10:43:22.526-03:00,476,476,0,0,0,476,68,0,0,0
20260909T101028-0300_67ae29a4,2026-09-09T10:43:52.260-03:00,483,483,0,0,0,483,69,0,0,0
20260909T101028-0300_67ae29a4,2026-09-09T10:44:22.076-03:00,490,490,0,0,0,490,70,0,0,0
20260909T101028-0300_67ae29a4,2026-09-09T10:44:51.737-03:00,497,497,0,0,0,497,71,0,0,0
20260909T101028-0300_67ae29a4,2026-09-09T10:45:21.459-03:00,504,504,0,0,0,504,72,0,0,0
20260909T101028-0300_67ae29a4,2026-09-09T10:45:51.188-03:00,511,511,0,0,0,511,73,0,0,0
20260909T101028-0300_67ae29a4,2026-09-09T10:46:20.913-03:00,518,518,0,0,0,518,74,0,0,0
20260909T101028-0300_67ae29a4,2026-09-09T10:46:50.998-03:00,525,525,0,0,0,525,75,0,0,0
20260909T101028-0300_67ae29a4,2026-09-09T10:47:20.552-03:00,532,532,0,0,0,532,76,0,0,0
20260909T101028-0300_67ae29a4,2026-09-09T10:47:50.289-03:00,539,539,0,0,0,539,77,0,0,0
20260909T101028-0300_67ae29a4,2026-09-09T10:48:20.018-03:00,546,546,0,0,0,546,78,0,0,0
20260909T101028-0300_67ae29a4,2026-09-09T10:48:49.751-03:00,553,553,0,0,0,553,79,0,0,0
20260909T101028-0300_67ae29a4,2026-09-09T10:49:19.489-03:00,560,560,0,0,0,560,80,0,0,0
20260909T101028-0300_67ae29a4,2026-09-09T10:49:49.231-03:00,567,567,0,0,0,567,81,0,0,0
20260909T101028-0300_67ae29a4,2026-09-09T10:50:18.963-03:00,574,574,0,0,0,574,82,0,0,0
20260909T101028-0300_67ae29a4,2026-09-09T10:50:48.691-03:00,581,581,0,0,0,581,83,0,0,0
20260909T101028-0300_67ae29a4,2026-09-09T10:51:18.422-03:00,588,588,0,0,0,588,84,0,0,0
20260909T101028-0300_67ae29a4,2026-09-09T10:51:48.150-03:00,595,595,0,0,0,595,85,0,0,0
20260909T101028-0300_67ae29a4,2026-09-09T10:52:17.884-03:00,602,602,0,0,0,602,86,0,0,0
20260909T101028-0300_67ae29a4,2026-09-09T10:52:47.633-03:00,609,609,0,0,0,609,87,0,0,0
20260909T101028-0300_67ae29a4,2026-09-09T10:53:17.364-03:00,616,616,0,0,0,616,88,0,0,0
20260909T101028-0300_67ae29a4,2026-09-09T10:53:47.098-03:00,623,623,0,0,0,623,89,0,0,0
20260909T101028-0300_67ae29a4,2026-09-09T10:54:16.837-03:00,630,630,0,0,0,630,90,0,0,0
20260909T101028-0300_67ae29a4,2026-09-09T10:54:46.567-03:00,637,637,0,0,0,637,91,0,0,0
20260909T101028-0300_67ae29a4,2026-09-09T10:55:16.295-03:00,644,644,0,0,0,644,92,0,0,0
20260909T101028-0300_67ae29a4,2026-09-09T10:55:46.024-03:00,651,651,0,0,0,651,93,0,0,0
20260909T101028-0300_67ae29a4,2026-09-09T10:56:15.754-03:00,658,658,0,0,0,658,94,0,0,0
20260909T101028-0300_67ae29a4,2026-09-09T10:56:45.508-03:00,665,665,0,0,0,665,95,0,0,0
20260909T101028-0300_67ae29a4,2026-09-09T10:57:15.230-03:00,672,672,0,0,0,672,96,0,0,0
20260909T101028-0300_67ae29a4,2026-09-09T10:57:44.964-03:00,679,679,0,0,0,679,97,0,0,0
20260909T101028-0300_67ae29a4,2026-09-09T10:58:14.701-03:00,686,686,0,0,0,686,98,0,0,0
20260909T101028-0300_67ae29a4,2026-09-09T10:58:44.432-03:00,693,693,0,0,0,693,99,0,0,0
20260909T101028-0300_67ae29a4,2026-09-09T10:59:14.167-03:00,700,700,0,0,0,700,100,0,0,0
20260909T101028-0300_67ae29a4,2026-09-09T10:59:43.895-03:00,707,707,0,0,0,707,101,0,0,0
20260909T101028-0300_67ae29a4,2026-09-09T11:00:13.628-03:00,714,714,0,0,0,714,102,0,0,0
20260909T101028-0300_67ae29a4,2026-09-09T11:00:43.357-03:00,721,721,0,0,0,721,103,0,0,0
20260909T101028-0300_67ae29a4,2026-09-09T11:01:13.116-03:00,728,728,0,0,0,728,104,0,0,0
20260909T101028-0300_67ae29a4,2026-09-09T11:01:42.842-03:00,735,735,0,0,0,735,105,0,0,0
20260909T101028-0300_67ae29a4,2026-09-09T11:02:12.581-03:00,742,742,0,0,0,742,106,0,0,0
20260909T101028-0300_67ae29a4,2026-09-09T11:02:42.352-03:00,749,749,0,0,0,749,107,0,0,0
20260909T101028-0300_67ae29a4,2026-09-09T11:03:12.113-03:00,756,756,0,0,0,756,108,0,0,0
20260909T101028-0300_67ae29a4,2026-09-09T11:03:41.861-03:00,763,763,0,0,0,763,109,0,0,0
20260909T101028-0300_67ae29a4,2026-09-09T11:04:11.605-03:00,770,770,0,0,0,770,110,0,0,0
20260909T101028-0300_67ae29a4,2026-09-09T11:04:41.336-03:00,777,777,0,0,0,777,111,0,0,0
20260909T101028-0300_67ae29a4,2026-09-09T11:05:11.064-03:00,784,784,0,0,0,784,112,0,0,0
20260909T101028-0300_67ae29a4,2026-09-09T11:05:40.789-03:00,791,791,0,0,0,791,113,0,0,0
20260909T101028-0300_67ae29a4,2026-09-09T11:06:10.522-03:00,798,798,0,0,0,798,114,0,0,0
20260909T101028-0300_67ae29a4,2026-09-09T11:06:40.254-03:00,805,805,0,0,0,805,115,0,0,0
20260909T101028-0300_67ae29a4,2026-09-09T11:07:09.989-03:00,812,812,0,0,0,812,116,0,0,0
20260909T101028-0300_67ae29a4,2026-09-09T11:07:39.729-03:00,819,819,0,0,0,819,117,0,0,0
20260909T101028-0300_67ae29a4,2026-09-09T11:08:09.460-03:00,826,826,0,0,0,826,118,0,0,0
20260909T101028-0300_67ae29a4,2026-09-09T11:08:39.188-03:00,833,833,0,0,0,833,119,0,0,0
20260909T101028-0300_67ae29a4,2026-09-09T11:09:08.919-03:00,840,840,0,0,0,840,120,0,0,0
20260909T101028-0300_67ae29a4,2026-09-09T11:09:38.650-03:00,847,847,0,0,0,847,121,0,0,0
20260909T101028-0300_67ae29a4,2026-09-09T11:10:08.386-03:00,854,854,0,0,0,854,122,0,0,0
20260909T101028-0300_67ae29a4,2026-09-09T11:10:38.123-03:00,861,861,0,0,0,861,123,0,0,0
20260909T101028-0300_67ae29a4,2026-09-09T11:11:07.856-03:00,868,868,0,0,0,868,124,0,0,0
20260909T101028-0300_67ae29a4,2026-09-09T11:11:37.593-03:00,875,875,0,0,0,875,125,0,0,0
20260909T101028-0300_67ae29a4,2026-09-09T11:12:07.325-03:00,882,882,0,0,0,882,126,0,0,0
20260909T101028-0300_67ae29a4,2026-09-09T11:12:37.059-03:00,889,889,0,0,0,889,127,0,0,0
20260909T101028-0300_67ae29a4,2026-09-09T11:13:06.793-03:00,896,896,0,0,0,896,128,0,0,0
20260916T102940-0300_58ad6dab,2026-09-16T10:29:53.920-03:00,7,7,0,0,0,7,1,0,0,0
20260916T102940-0300_58ad6dab,2026-09-16T10:30:23.649-03:00,14,14,0,0,0,14,2,0,0,0
20260916T102940-0300_58ad6dab,2026-09-16T10:30:53.387-03:00,21,21,0,0,0,21,3,0,0,0
20260916T102940-0300_58ad6dab,2026-09-16T10:31:23.113-03:00,28,28,0,0,0,28,4,0,0,0
20260916T102940-0300_58ad6dab,2026-09-16T10:31:52.840-03:00,35,35,0,0,0,35,5,0,0,0
20260916T102940-0300_58ad6dab,2026-09-16T10:32:22.564-03:00,42,42,0,0,0,42,6,0,0,0
20260916T102940-0300_58ad6dab,2026-09-16T10:32:52.293-03:00,49,49,0,0,0,49,7,0,0,0
20260916T102940-0300_58ad6dab,2026-09-16T10:33:22.040-03:00,56,56,0,0,0,56,8,0,0,0
20260916T102940-0300_58ad6dab,2026-09-16T10:33:51.771-03:00,63,63,0,0,0,63,9,0,0,0
20260916T102940-0300_58ad6dab,2026-09-16T10:34:21.663-03:00,70,70,0,0,0,70,10,0,0,0
20260916T102940-0300_58ad6dab,2026-09-16T10:34:51.246-03:00,77,77,0,0,0,77,11,0,0,0
20260916T102940-0300_58ad6dab,2026-09-16T10:35:20.986-03:00,84,84,0,0,0,84,12,0,0,0
20260916T102940-0300_58ad6dab,2026-09-16T10:35:50.719-03:00,91,91,0,0,0,91,13,0,0,0
20260916T102940-0300_58ad6dab,2026-09-16T10:36:20.452-03:00,98,98,0,0,0,98,14,0,0,0
20260916T102940-0300_58ad6dab,2026-09-16T10:36:50.190-03:00,105,105,0,0,0,105,15,0,0,0
20260916T102940-0300_58ad6dab,2026-09-16T10:37:19.917-03:00,112,112,0,0,0,112,16,0,0,0
20260916T102940-0300_58ad6dab,2026-09-16T10:37:49.673-03:00,119,119,0,0,0,119,17,0,0,0
20260916T102940-0300_58ad6dab,2026-09-16T10:38:19.566-03:00,126,126,0,0,0,126,18,0,0,0
20260916T102940-0300_58ad6dab,2026-09-16T10:38:49.091-03:00,133,133,0,0,0,133,19,0,0,0
20260916T102940-0300_58ad6dab,2026-09-16T10:39:18.848-03:00,140,140,0,0,0,140,20,0,0,0
20260916T102940-0300_58ad6dab,2026-09-16T10:39:48.580-03:00,147,147,0,0,0,147,21,0,0,0
20260916T102940-0300_58ad6dab,2026-09-16T10:40:18.308-03:00,154,154,0,0,0,154,22,0,0,0
20260916T102940-0300_58ad6dab,2026-09-16T10:40:48.116-03:00,161,161,0,0,0,161,23,0,0,0
20260916T102940-0300_58ad6dab,2026-09-16T10:41:17.774-03:00,168,168,0,0,0,168,24,0,0,0
20260916T102940-0300_58ad6dab,2026-09-16T10:41:47.727-03:00,175,175,0,0,0,175,25,0,0,0
20260916T102940-0300_58ad6dab,2026-09-16T10:42:17.258-03:00,182,182,0,0,0,182,26,0,0,0
20260916T102940-0300_58ad6dab,2026-09-16T10:42:46.986-03:00,189,189,0,0,0,189,27,0,0,0
20260916T102940-0300_58ad6dab,2026-09-16T10:43:16.738-03:00,196,196,0,0,0,196,28,0,0,0
20260916T102940-0300_58ad6dab,2026-09-16T10:43:46.488-03:00,203,203,0,0,0,203,29,0,0,0
20260916T102940-0300_58ad6dab,2026-09-16T10:44:16.261-03:00,210,210,0,0,0,210,30,0,0,0
20260916T102940-0300_58ad6dab,2026-09-16T10:44:45.959-03:00,217,217,0,0,0,217,31,0,0,0
20260916T102940-0300_58ad6dab,2026-09-16T10:45:15.694-03:00,224,224,0,0,0,224,32,0,0,0
20260916T102940-0300_58ad6dab,2026-09-16T10:45:45.629-03:00,231,231,0,0,0,231,33,0,0,0
20260916T102940-0300_58ad6dab,2026-09-16T10:46:15.161-03:00,238,238,0,0,0,238,34,0,0,0
20260916T102940-0300_58ad6dab,2026-09-16T10:46:44.891-03:00,245,245,0,0,0,245,35,0,0,0
20260916T102940-0300_58ad6dab,2026-09-16T10:47:14.620-03:00,252,252,0,0,0,252,36,0,0,0
20260916T102940-0300_58ad6dab,2026-09-16T10:47:44.362-03:00,259,259,0,0,0,259,37,0,0,0
20260916T102940-0300_58ad6dab,2026-09-16T10:48:14.102-03:00,266,266,0,0,0,266,38,0,0,0
20260916T102940-0300_58ad6dab,2026-09-16T10:48:43.838-03:00,273,273,0,0,0,273,39,0,0,0
20260916T102940-0300_58ad6dab,2026-09-16T10:49:13.594-03:00,280,280,0,0,0,280,40,0,0,0
20260916T102940-0300_58ad6dab,2026-09-16T10:49:43.305-03:00,287,287,0,0,0,287,41,0,0,0
20260916T102940-0300_58ad6dab,2026-09-16T10:50:13.036-03:00,294,294,0,0,0,294,42,0,0,0
20260916T102940-0300_58ad6dab,2026-09-16T10:50:42.762-03:00,301,301,0,0,0,301,43,0,0,0
20260916T102940-0300_58ad6dab,2026-09-16T10:51:12.492-03:00,308,308,0,0,0,308,44,0,0,0
20260916T102940-0300_58ad6dab,2026-09-16T10:51:42.227-03:00,315,315,0,0,0,315,45,0,0,0
20260916T102940-0300_58ad6dab,2026-09-16T10:52:11.958-03:00,322,322,0,0,0,322,46,0,0,0
20260916T102940-0300_58ad6dab,2026-09-16T10:52:41.692-03:00,329,329,0,0,0,329,47,0,0,0
20260916T102940-0300_58ad6dab,2026-09-16T10:53:11.581-03:00,336,336,0,0,0,336,48,0,0,0
20260916T102940-0300_58ad6dab,2026-09-16T10:53:41.160-03:00,343,343,0,0,0,343,49,0,0,0
20260916T102940-0300_58ad6dab,2026-09-16T10:54:10.950-03:00,350,350,0,0,0,350,50,0,0,0
20260916T102940-0300_58ad6dab,2026-09-16T10:54:40.633-03:00,357,357,0,0,0,357,51,0,0,0
20260916T102940-0300_58ad6dab,2026-09-16T10:55:10.365-03:00,364,364,0,0,0,364,52,0,0,0
20260916T102940-0300_58ad6dab,2026-09-16T10:55:40.116-03:00,371,371,0,0,0,371,53,0,0,0
20260916T102940-0300_58ad6dab,2026-09-16T10:56:09.848-03:00,378,378,0,0,0,378,54,0,0,0
20260916T102940-0300_58ad6dab,2026-09-16T10:56:39.622-03:00,385,385,0,0,0,385,55,0,0,0
20260916T102940-0300_58ad6dab,2026-09-16T10:57:09.309-03:00,392,392,0,0,0,392,56,0,0,0
20260916T102940-0300_58ad6dab,2026-09-16T10:57:39.041-03:00,399,399,0,0,0,399,57,0,0,0
20260916T102940-0300_58ad6dab,2026-09-16T10:58:08.802-03:00,406,406,0,0,0,406,58,0,0,0
20260916T102940-0300_58ad6dab,2026-09-16T10:58:38.532-03:00,413,413,0,0,0,413,59,0,0,0
20260916T102940-0300_58ad6dab,2026-09-16T10:59:08.263-03:00,420,420,0,0,0,420,60,0,0,0
20260916T102940-0300_58ad6dab,2026-09-16T10:59:37.988-03:00,427,427,0,0,0,427,61,0,0,0
20260916T102940-0300_58ad6dab,2026-09-16T11:00:07.724-03:00,434,434,0,0,0,434,62,0,0,0
20260916T102940-0300_58ad6dab,2026-09-16T11:00:37.685-03:00,441,441,0,0,0,441,63,0,0,0
20260916T102940-0300_58ad6dab,2026-09-16T11:01:07.206-03:00,448,448,0,0,0,448,64,0,0,0
20260916T102940-0300_58ad6dab,2026-09-16T11:01:36.934-03:00,455,455,0,0,0,455,65,0,0,0
20260916T102940-0300_58ad6dab,2026-09-16T11:02:06.665-03:00,462,462,0,0,0,462,66,0,0,0
